customer_id,customer_name,email,registration_date,customer_type
C0001,Allison Hill,donaldgarcia@example.net,2026-04-07,REGULAR
C0002,Javier Johnson,jesseguzman@example.net,2024-03-08,REGULAR
C0003,Kimberly Robinson,lisa02@example.net,2024-11-09,VIP
C0004,Daniel Gallagher,daviscolin@example.com,2025-05-26,VIP
C0005,Monica Herrera,smiller@example.net,2025-06-11,REGULAR
C0006,Laura Bush,stanleykendra@example.org,2026-02-26,REGULAR
C0007,Jamie Chavez,francisco53@example.net,2024-05-22,REGULAR
C0008,Maria Lynch,amandasanchez@example.com,2024-09-22,VIP
C0009,Margaret Hawkins DDS,perezantonio@example.com,2024-10-16,REGULAR
C0010,Thomas Bradley,jason76@example.net,2024-12-18,VIP
C0011,David Hoffman,julie69@example.com,2024-09-03,REGULAR
C0012,Brenda Snyder PhD,hernandezernest@example.net,2024-11-08,PREMIUM
C0013,James Ferrell,tasha01@example.net,2026-03-30,REGULAR
C0014,Patricia Peterson,ryan70@example.net,2026-03-20,REGULAR
C0015,Jonathan White,harrellkenneth@example.net,2025-02-10,PREMIUM
C0016,James Martin,georgetracy@example.org,2026-05-18,REGULAR
C0017,Sandra Parker,allenashley@example.org,2023-11-05,PREMIUM
C0018,Mr. Philip Cannon,donnaarroyo@example.org,2024-05-20,PREMIUM
C0019,Jenny Lewis,jenniferross@example.net,2025-07-16,PREMIUM
C0020,Joseph Martinez,calebsmith@example.net,2024-04-12,REGULAR
C0021,Benjamin Welch,carlosjohnson@example.com,2023-10-20,VIP
C0022,Michael Lewis,jenniferkhan@example.net,2025-01-03,PREMIUM
C0023,Rhonda Lee,hopkinsmichael@example.com,2024-12-27,PREMIUM
C0024,Megan Joyce,brownjessica@example.org,2024-05-02,VIP
C0025,Jerry Henderson,steven17@example.net,2023-11-19,PREMIUM
C0026,Kimberly Smith,housemelinda@example.org,2024-10-22,VIP
C0027,Dr. Steven Martin,gallowayjoseph@example.com,2024-06-11,VIP
C0028,Monica Logan,smoore@example.org,2026-06-30,PREMIUM
C0029,Kimberly Adkins,williamsthomas@example.net,2024-01-23,REGULAR
C0030,Angela Lopez,leonardjoe@example.org,2026-05-31,PREMIUM
C0031,Lauren Williams,barnesbrandy@example.net,2024-07-15,VIP
C0032,Michael Edwards,randy47@example.com,2026-05-18,REGULAR
C0033,Alexandra Howell,jonesjason@example.com,2023-12-27,REGULAR
C0034,Benjamin Sanchez,eric84@example.net,2026-07-17,VIP
C0035,Kendra Contreras,sarah12@example.com,2023-12-08,VIP
C0036,Juan Nelson,jenniferharris@example.net,2026-02-23,VIP
C0037,Danielle Odonnell,davisrodney@example.com,2023-09-21,VIP
C0038,Carlos Whitney,joycearnold@example.com,2025-04-09,PREMIUM
C0039,Tony Vazquez,amydavenport@example.net,2025-03-31,VIP
C0040,Andrew Diaz,nolanjason@example.org,2025-08-03,REGULAR
C0041,Justin Baxter,sarayoung@example.org,2026-07-08,REGULAR
C0042,Sierra Johnson,kimberly63@example.com,2024-01-25,REGULAR
C0043,Janet Williams,dwalker@example.com,2024-07-03,PREMIUM
C0044,Crystal Johnson,raymondramirez@example.org,2026-06-28,REGULAR
C0045,Martin Ross,sheila14@example.org,2025-05-01,VIP
C0046,Mrs. Linda Reed,samuel81@example.com,2026-04-15,PREMIUM
C0047,Andrew Graham,michaeljones@example.net,2026-05-09,PREMIUM
C0048,Mary Martinez,william65@example.com,2025-09-06,VIP
C0049,Cheryl Ortega,lbyrd@example.net,2025-04-18,PREMIUM
C0050,Roy Torres,russellcarpenter@example.net,2024-07-22,VIP
C0051,Michael Dixon,donnacampbell@example.net,2025-06-27,PREMIUM
C0052,Robert Potter,jeffrey32@example.org,2023-09-23,PREMIUM
C0053,Miss Patricia Gibson,jennifercruz@example.com,2024-04-27,PREMIUM
C0054,Abigail Potter,osbornejeffery@example.net,2025-02-21,REGULAR
C0055,David Charles,danderson@example.net,2025-03-08,REGULAR
C0056,Emily Fischer,usalazar@example.net,2024-11-13,REGULAR
C0057,Jill Moore,wcole@example.org,2026-02-09,REGULAR
C0058,Richard Washington,joshuajones@example.com,2024-04-17,PREMIUM
C0059,Steven Miller,jessebenson@example.net,2024-03-25,PREMIUM
C0060,Gary Owens,clarkrobert@example.net,2026-06-05,PREMIUM
C0061,Spencer Johnston,wsmith@example.com,2025-11-06,VIP
C0062,Tiffany Barnes,tracynelson@example.com,2023-09-04,REGULAR
C0063,Michael Powell,marycalhoun@example.net,2025-03-11,REGULAR
C0064,Leslie Alvarado,dayderek@example.com,2024-02-19,VIP
C0065,Garrett Gibson,kathleen64@example.com,2024-05-06,VIP
C0066,Alec Ryan,jeffrey10@example.org,2026-06-09,PREMIUM
C0067,Alex Hernandez,thomaswilson@example.org,2024-12-25,PREMIUM
C0068,Jacob Obrien,stricklandfrankexample.com,2023-11-30,VIP
C0069,Eric Byrd,tsanders@example.org,2023-10-26,PREMIUM
C0070,Lori Garcia,melissa91@example.net,2025-12-08,REGULAR
C0071,Jeffrey Wood,alexander67@example.org,2024-11-21,REGULAR
C0072,Steven Stevens,ryangross@example.net,2024-05-26,PREMIUM
C0073,Kimberly Webb,lpetersen@example.com,2024-07-22,VIP
C0074,Timothy Ramirez,dsanchez@example.net,2025-06-02,REGULAR
C0075,Allen Rosales,tonykelly@example.com,2024-08-11,REGULAR
C0076,Meredith Hill,blackjames@example.org,2025-10-01,VIP
C0077,Peter Vaughn DDS,bwest@example.org,2024-06-21,VIP
C0078,David Beck,thomas85@example.com,2026-07-31,REGULAR
C0079,Heather Chavez,john13@example.com,2023-12-13,PREMIUM
C0080,Pamela Lopez,joannahill@example.net,2026-07-09,PREMIUM
C0081,Diane Garcia,kennethward@example.com,2023-08-19,REGULAR
C0082,Denise Mccann,heidi27@example.org,2026-03-17,REGULAR
C0083,Julie Alexander,tammyking@example.com,2023-12-07,PREMIUM
C0084,John Ray,hernandezlisa@example.com,2023-11-05,VIP
C0085,Justin Butler,kimberlyjames@example.com,2024-06-24,REGULAR
C0086,Jessica Carroll,lynchjody@example.org,2025-06-19,VIP
C0087,Brad Allen,moorericky@example.net,2025-05-15,VIP
C0088,David Mann,ojones@example.com,2025-12-14,PREMIUM
C0089,Mary Peck,owilson@example.net,2024-01-14,VIP
C0090,Charles Brown,brooke94@example.com,2023-12-18,VIP
C0091,Melissa Bender,mkim@example.org,2026-04-04,PREMIUM
C0092,Lindsey Johnson,suzannehuff@example.net,2025-05-08,VIP
C0093,Phillip Underwood,hinesgregory@example.net,2025-07-18,PREMIUM
C0094,Catherine Richards,ecosta@example.com,2024-10-24,PREMIUM
C0095,Brian Martin,ssteele@example.net,2026-06-04,REGULAR
C0096,Krista Gibson,johnny16@example.net,2026-01-24,REGULAR
C0097,Sean Murray,lopezmichael@example.com,2025-06-19,REGULAR
C0098,Christina Dunn,samuel71@example.org,2026-07-05,REGULAR
C0099,Cynthia Moore,tranchristopher@example.org,2024-12-21,VIP
C0100,Ronnie Jimenez,william46@example.com,2026-07-13,REGULAR
C0101,Juan Reyes,michellehill@example.com,2024-08-10,PREMIUM
C0102,Debra Smith,mary97@example.org,2024-12-05,REGULAR
C0103,Mr. Phillip Bennett,molly39@example.com,2024-04-15,PREMIUM
C0104,Amanda Garner,qhughes@example.net,2026-07-13,REGULAR
C0105,Andrew Shaw MD,sawyerscott@example.net,2026-04-27,VIP
C0106,Charles Pitts,charlesharrington@example.com,2024-08-09,REGULAR
C0107,Marie Christian,ofinley@example.net,2026-04-02,PREMIUM
C0108,Joshua Williamson II,wendy16@example.org,2025-11-14,REGULAR
C0109,Ashlee Jackson,rebecca05@example.org,2024-06-20,PREMIUM
C0110,Charles Schmidt,georgemiller@example.com,2025-06-13,PREMIUM
C0111,Thomas Thomas,dlittle@example.com,2025-08-03,REGULAR
C0112,Julie Roberts,charleslandry@example.net,2024-06-26,VIP
C0113,Melissa Bryant,james67@example.org,2024-04-19,PREMIUM
C0114,Laura Haney,andrew64@example.org,2025-04-15,REGULAR
C0115,Natasha Williams,swall@example.org,2025-05-30,REGULAR
C0116,Mark Oliver,courtneyberger@example.net,2023-09-16,REGULAR
C0117,Amanda Diaz,christopherphillips@example.net,2024-11-01,PREMIUM
C0118,Richard Walter,alyssa42@example.com,2026-05-01,REGULAR
C0119,Tracy Phillips,linda71@example.org,2025-11-07,VIP
C0120,Michael Craig,zcoffey@example.net,2024-09-07,VIP
C0121,Alexis Herrera,vrichardson@example.net,2024-05-17,REGULAR
C0122,Mark Watson,thomasharvey@example.net,2024-07-28,REGULAR
C0123,Maria Reid,tblankenship@example.net,2024-10-24,PREMIUM
C0124,Tracy Torres,pwilson@example.net,2023-12-30,PREMIUM
C0125,Michael Paul,umatthews@example.org,2026-03-31,REGULAR
C0126,Sandra Gilbert,antonio53@example.com,2024-12-03,PREMIUM
C0127,Jack Pollard,amy50@example.com,2024-06-01,PREMIUM
C0128,Tiffany Holloway,batesdarlene@example.net,2026-07-03,VIP
C0129,Gavin Zhang,caseyhubbard@example.org,2025-05-07,VIP
C0130,Crystal Schroeder,ramireztracey@example.org,2025-03-18,PREMIUM
C0131,Ashley Delacruz,alexistyler@example.org,2025-05-10,PREMIUM
C0132,Derek Martinez,vfox@example.org,2025-01-06,REGULAR
C0133,Kayla Rodriguez,soniawilliams@example.net,2025-02-25,VIP
C0134,Victor Brown,bboone@example.net,2023-11-30,PREMIUM
C0135,Jill Lam,charlene12@example.com,2025-06-18,VIP
C0136,Michelle James,shawn96@example.org,2025-12-20,VIP
C0137,Matthew Rich,russellbeasley@example.com,2024-08-09,VIP
C0138,Jason Davis,qedwards@example.com,2026-06-14,REGULAR
C0139,Kara Davis,daviscolin@example.net,2024-09-15,REGULAR
C0140,Anthony Frye,elizabeth65@example.net,2026-05-31,REGULAR
C0141,Thomas Williams,caroline51@example.net,2025-02-10,VIP
C0142,John Boone,megan51@example.com,2025-04-24,VIP
C0143,Sarah Villegas,lynchdiane@example.net,2024-05-23,REGULAR
C0144,Michael Parker,michael22@example.net,2025-07-24,VIP
C0145,Patrick Bonilla,reesejason@example.com,2024-12-13,PREMIUM
C0146,Eric Nguyen,wareeric@example.net,2023-09-27,REGULAR
C0147,Jeremy Coleman,nperry@example.net,2023-12-06,PREMIUM
C0148,Douglas Gregory,trose@example.org,2024-04-01,PREMIUM
C0149,Mrs. Christine Dougherty,kathrynroberts@example.org,2023-08-12,VIP
C0150,Casey James,vincentwhitaker@example.com,2023-10-21,PREMIUM
C0151,Amanda Smith,atkinsbarbara@example.net,2024-10-20,REGULAR
C0152,Donna Sullivan,george97example.net,2026-05-08,VIP
C0153,Ryan Sanchez,zwarren@example.com,2025-10-29,REGULAR
C0154,Richard Jones,schmidtjames@example.com,2024-08-22,REGULAR
C0155,Maria Hernandez,thomasjames@example.net,2024-01-18,REGULAR
C0156,Angela Bean,kmarshall@example.net,2024-12-08,REGULAR
C0157,Kristy Reid,michelle52@example.com,2023-10-17,PREMIUM
C0158,Eric Hill,bellcharles@example.com,2024-12-11,PREMIUM
C0159,Ronald Jones,gilbertwilliam@example.com,2025-05-01,VIP
C0160,Nancy Williams,marcalvarez@example.org,2026-06-18,VIP
C0161,Robert Monroe,wagnergerald@example.org,2025-09-17,VIP
C0162,Kelly Bishop MD,paul59@example.org,2025-12-15,PREMIUM
C0163,Andrea Davis,umitchell@example.net,2026-06-25,REGULAR
C0164,Brittany Miller,sabrinacollins@example.net,2025-09-07,REGULAR
C0165,Kurt Hurley,angelica52@example.net,2025-09-12,REGULAR
C0166,Yolanda Gaines,lucasrodney@example.com,2023-08-23,REGULAR
C0167,Trevor Peterson,ilee@example.org,2023-10-27,VIP
C0168,Ashley Wise,stanleynancy@example.net,2023-12-25,PREMIUM
C0169,Christopher Guerra,jenniferwilliams@example.com,2025-08-14,VIP
C0170,Jeremy Mitchell,pyoung@example.com,2026-06-27,VIP
C0171,Stephanie Lee,smurray@example.com,2025-02-05,REGULAR
C0172,Christopher Gonzalez,moniquewilliams@example.com,2026-03-19,PREMIUM
C0173,Ashley Singleton,mitchellkathryn@example.com,2024-12-08,REGULAR
C0174,Sandra Davis,lisawilkersonexample.org,2024-10-31,REGULAR
C0175,James Hughes,brooksanthony@example.org,2026-02-08,PREMIUM
C0176,Raven Taylor,samantha72@example.net,2024-12-30,PREMIUM
C0177,Susan Smith,marydunn@example.net,2025-06-01,PREMIUM
C0178,Ricardo Young,williamsrobert@example.net,2024-12-16,REGULAR
C0179,Taylor Carlson,chenbailey@example.net,2024-01-08,VIP
C0180,Lucas Allen,qlopez@example.org,2025-02-27,VIP
C0181,Troy Stephens,myerstheodore@example.net,2024-10-01,PREMIUM
C0182,Paul Kelly,cooperjessica@example.net,2023-11-25,REGULAR
C0183,Nicole Anderson,amy27@example.net,2025-01-09,REGULAR
C0184,Chad Baldwin,mjohnson@example.org,2025-12-18,REGULAR
C0185,Emily Collins,ihays@example.com,2024-05-07,REGULAR
C0186,Cheryl Kelly,glennmartin@example.org,2025-12-27,VIP
C0187,James Gonzales,lmorgan@example.com,2025-08-31,VIP
C0188,Robert Adams,acostachristian@example.net,2026-07-29,PREMIUM
C0189,Edward Garcia,donna47@example.net,2025-09-28,VIP
C0190,Jeremy West,christina64@example.net,2026-07-13,REGULAR
C0191,Angela Walsh,william20@example.org,2026-02-19,REGULAR
C0192,Jessica Martinez,kimberlydiaz@example.com,2026-06-09,REGULAR
C0193,Christian Cole,nathan19@example.org,2025-03-06,PREMIUM
C0194,Matthew Wright,johnsonjacob@example.net,2024-10-01,PREMIUM
C0195,Deborah Green,nlewis@example.com,2025-09-02,VIP
C0196,Mrs. Brandy Jones MD,zosborn@example.net,2026-06-29,PREMIUM
C0197,Miss Michelle Pierce,patricia22@example.com,2025-02-11,VIP
C0198,Curtis Taylor,jjohnson@example.net,2024-09-11,REGULAR
C0199,Kristen Salazar,jonesraymond@example.net,2025-09-29,REGULAR
C0200,Patricia Morrow,martinezlogan@example.org,2024-12-09,PREMIUM
C0201,Haley Humphrey,katrinaanderson@example.net,2026-04-28,REGULAR
C0202,Caleb Hernandez,fernandodonovan@example.org,2024-08-17,VIP
C0203,Stephanie Singleton,james84@example.org,2025-06-19,PREMIUM
C0204,Anna Davidson,georgeweber@example.net,2024-08-08,REGULAR
C0205,Amanda Shields,williamsdarlene@example.net,2024-05-20,PREMIUM
C0206,Kenneth Montgomery,jimenezcourtney@example.com,2025-07-07,VIP
C0207,David Aguirre,eevans@example.net,2023-10-08,VIP
C0208,John Harris,larryhiggins@example.net,2026-07-21,REGULAR
C0209,James Hodges,floressteven@example.com,2024-12-08,PREMIUM
C0210,Anthony Dougherty,kwright@example.com,2026-05-23,PREMIUM
C0211,Cheryl Moore,tjimenez@example.com,2023-08-29,VIP
C0212,Kathy Levy,brandywilliams@example.com,2025-01-27,VIP
C0213,Martha Ruiz,booneryan@example.com,2025-10-09,PREMIUM
C0214,Holly Morales,michaelroberts@example.com,2025-02-06,VIP
C0215,Diana Hays,andersoncolin@example.com,2025-12-22,VIP
C0216,Todd Fischer,carriemorales@example.org,2023-09-22,REGULAR
C0217,Gary Wells,ghernandez@example.org,2024-07-28,REGULAR
C0218,Carla Ewing,brittney88@example.net,2025-01-21,VIP
C0219,Karen Smith,emily69@example.com,2025-12-24,VIP
C0220,Melissa Johnson,pbaker@example.net,2025-04-28,REGULAR
C0221,Lauren Jackson,rhernandez@example.org,2023-09-07,REGULAR
C0222,Ashley Smith,robert63@example.com,2025-02-03,PREMIUM
C0223,Kaitlyn Charles,thorntonapril@example.net,2024-07-25,VIP
C0224,Kelly Edwards,stevepatel@example.net,2024-08-26,VIP
C0225,Michelle Schneider,chelsea33@example.com,2025-04-06,VIP
C0226,William Evans,janet75@example.com,2024-08-20,PREMIUM
C0227,Rebecca Hill,berryamy@example.com,2026-01-16,VIP
C0228,Regina Roberts,stephanie15@example.com,2025-07-22,REGULAR
C0229,Cindy Clayton,sarah42@example.org,2025-06-08,VIP
C0230,Dana Santiago,danawilliams@example.com,2024-07-31,VIP
C0231,Michael Taylor,richarddonovan@example.com,2025-01-08,REGULAR
C0232,Victor Morris,velezchristopher@example.net,2024-04-14,PREMIUM
C0233,Sarah Johnson,robertmonroe@example.org,2026-07-31,REGULAR
C0234,Jon Zuniga,nancy04@example.net,2025-05-25,REGULAR
C0235,Frances Gibson,ismall@example.net,2024-12-28,VIP
C0236,Brian Martin,twong@example.org,2023-08-19,PREMIUM
C0237,Edward Craig,gregorychase@example.com,2026-01-26,PREMIUM
C0238,Angie Caldwell,tinawoods@example.org,2023-08-11,VIP
C0239,Jeremy Adams,kevin90@example.com,2025-07-20,VIP
C0240,Amy Wilson,erik84@example.net,2023-12-10,REGULAR
C0241,Elizabeth Mendez,susanmendoza@example.com,2025-10-31,VIP
C0242,Jennifer Dunn,ztodd@example.net,2026-01-24,PREMIUM
C0243,Melanie Larson,foxallison@example.com,2023-10-28,REGULAR
C0244,Amy Kelley,ashleyhernandez@example.com,2026-02-25,REGULAR
C0245,Michael Love,gdavis@example.com,2026-01-06,REGULAR
C0246,Jose Bryant,hansenemily@example.com,2025-10-04,REGULAR
C0247,Robert Reese,williamsmelvin@example.org,2025-03-19,VIP
C0248,Steven Andersen,ajohnson@example.org,2025-11-23,REGULAR
C0249,Veronica Brewer,ybrooks@example.com,2026-03-14,VIP
C0250,Jaime Vega,desireebailey@example.org,2026-07-27,VIP
C0251,Cameron Irwin,avilatiffany@example.com,2025-08-11,PREMIUM
C0252,Kim Morrow,stevenmoore@example.org,2026-05-27,REGULAR
C0253,Ashley Pacheco,bmendez@example.org,2024-03-16,REGULAR
C0254,Andrew Harper,sanchezbradley@example.com,2024-04-16,REGULAR
C0255,Scott Brown,jim95@example.net,2025-05-20,REGULAR
C0256,Erica Turner,valerieboyd@example.com,2024-06-28,VIP
C0257,Travis Hobbs,conniesimmons@example.com,2023-09-24,REGULAR
C0258,Mason James,heather62@example.com,2024-09-19,REGULAR
C0259,Kara Atkinson,meredith27@example.org,2025-04-11,PREMIUM
C0260,Kristin Anderson,jonathanrivera@example.org,2026-05-10,VIP
C0261,Anna Hardy,brettbennett@example.net,2025-05-25,PREMIUM
C0262,Chelsea Gill,timothybooth@example.com,2024-07-01,VIP
C0263,Christy Lee,burgesskaren@example.org,2025-09-04,PREMIUM
C0264,Jennifer Allen,kimberly67@example.net,2025-07-14,VIP
C0265,Ian Andrade,ugarcia@example.com,2025-11-15,REGULAR
C0266,Dale Edwards,hartjeffrey@example.org,2023-08-21,PREMIUM
C0267,Lauren Cortez,elijah53@example.com,2025-04-19,REGULAR
C0268,Juan Harding,jonathan77@example.com,2024-02-04,PREMIUM
C0269,Caroline Cortez,iwhite@example.net,2026-06-18,VIP
C0270,Sara Jones,duranrobert@example.net,2024-04-13,REGULAR
C0271,Alexa Wagner,bruce97@example.net,2025-01-19,REGULAR
C0272,Juan Smith,amanda40@example.net,2026-01-11,REGULAR
C0273,Renee Browning,hullalice@example.org,2024-03-01,PREMIUM
C0274,Robin Adams,zmiller@example.com,2025-04-14,REGULAR
C0275,Courtney Sutton DVM,davisnicholas@example.net,2025-01-06,REGULAR
C0276,Michele Miller,vnewman@example.net,2026-07-10,REGULAR
C0277,Stephanie Ellison,jasonparrish@example.net,2025-01-06,REGULAR
C0278,Benjamin Frost,whitemelissa@example.org,2026-06-22,PREMIUM
C0279,Nicole Marquez,thickman@example.org,2025-04-13,PREMIUM
C0280,Sarah Rhodes,patrick21@example.net,2025-10-29,PREMIUM
C0281,Brent Hall,petersonkayla@example.net,2024-10-11,VIP
C0282,Alyssa Nelson,whenry@example.net,2026-05-31,REGULAR
C0283,Michael Guerrero,bartonkenneth@example.org,2025-09-23,VIP
C0284,Christian Dawson,jodistewart@example.org,2023-11-12,REGULAR
C0285,Jill Juarez,andersonjacob@example.com,2025-04-05,PREMIUM
C0286,Ashley Davis,carlsonkristen@example.com,2023-08-17,PREMIUM
C0287,Richard Hardy,ashleyjackson@example.com,2024-02-05,VIP
C0288,Derrick Thomas,ryanfisher@example.com,2025-12-08,VIP
C0289,Tony Le,mwheeler@example.com,2023-11-29,PREMIUM
C0290,Travis Cook,vbrock@example.com,2024-08-04,PREMIUM
C0291,Shannon Mccann,kevinmorrison@example.net,2024-03-11,PREMIUM
C0292,Vincent Novak,jessica79@example.org,2024-07-26,VIP
C0293,Richard Diaz,brittanygardner@example.net,2025-11-22,VIP
C0294,Nicholas Hahn,samuelcarter@example.net,2023-10-18,PREMIUM
C0295,Rebecca Chambers,cynthiaallen@example.net,2024-01-19,VIP
C0296,James Cole,iaguilar@example.net,2026-05-12,PREMIUM
C0297,Jennifer Johnson,jacqueline89@example.net,2026-05-02,VIP
C0298,David Ortega,deborahwilliams@example.net,2025-08-15,VIP
C0299,Paul Sheppard,grodriguez@example.com,2024-04-03,PREMIUM
C0300,Kristin Watts,seanmyers@example.net,2025-05-10,PREMIUM
C0301,Haley Johnson,phillipssamantha@example.org,2023-12-09,REGULAR
C0302,Brenda Collins,hmueller@example.com,2024-08-19,PREMIUM
C0303,Nathan Chavez,evanslisa@example.org,2023-08-28,PREMIUM
C0304,Brian Marsh,zacharyarnold@example.com,2025-04-08,PREMIUM
C0305,Crystal Sullivan,jacobsandoval@example.com,2023-09-04,REGULAR
C0306,Christina Vargas,nsmith@example.org,2024-06-04,VIP
C0307,Rebecca Ray,michaelgonzalez@example.org,2024-05-17,PREMIUM
C0308,Kelsey Fowler,lcarr@example.org,2024-08-19,REGULAR
C0309,Lisa Cervantes,samantha91@example.net,2023-12-28,VIP
C0310,Eric White,williambarnes@example.org,2025-04-24,REGULAR
C0311,John Medina,angelaburns@example.org,2024-02-25,REGULAR
C0312,Lisa Glenn,washingtonjames@example.com,2026-06-25,VIP
C0313,Kathleen Cohen,cmckinney@example.com,2024-02-03,REGULAR
C0314,Rebecca Walker,hillamanda@example.org,2025-12-06,REGULAR
C0315,Patricia Simpson,armstrongjoseph@example.net,2026-01-22,REGULAR
C0316,Rodney Williams,bpayne@example.org,2025-10-18,PREMIUM
C0317,Danielle Golden,colemichael@example.org,2024-11-27,REGULAR
C0318,Patricia Young PhD,michelle96@example.org,2025-06-09,VIP
C0319,Robin Trujillo,amanda98@example.org,2024-07-23,REGULAR
C0320,Donna Adams,taylorkaren@example.com,2026-05-06,REGULAR
C0321,Sharon Martinez DVM,dustinmorris@example.org,2025-11-15,PREMIUM
C0322,Katherine Ray,courtney67@example.org,2025-06-28,PREMIUM
C0323,Anna Robertson,heather57@example.com,2024-07-27,VIP
C0324,Raymond Oconnor,sreid@example.com,2026-02-20,VIP
C0325,Jennifer Donaldson,troymorris@example.com,2024-08-08,VIP
C0326,Kylie Washington,patricia00@example.org,2025-06-20,VIP
C0327,Alexis Noble,scottsmith@example.com,2024-03-12,VIP
C0328,Bonnie Santos,nancymcdowell@example.org,2025-07-21,REGULAR
C0329,Jacob Mckee,brettgarrett@example.net,2025-09-08,VIP
C0330,Matthew Padilla,lewischristian@example.net,2024-04-07,PREMIUM
C0331,Alexandra Dominguez,mcneilrobert@example.org,2025-01-08,VIP
C0332,Brandon Shaffer,edwardsnicole@example.org,2024-09-26,VIP
C0333,Shelly May,caseyelliott@example.net,2025-07-16,REGULAR
C0334,Nathan Fuller,samanthajensen@example.com,2026-03-03,PREMIUM
C0335,Brian Goodwin,bbell@example.com,2025-12-18,PREMIUM
C0336,Matthew Wright,kimberly04@example.org,2025-02-21,PREMIUM
C0337,Nicole Phillips,bowerslaura@example.org,2025-01-27,PREMIUM
C0338,Jonathan Wheeler,hatfieldsarah@example.org,2024-09-30,VIP
C0339,Jennifer Payne,kathrynbest@example.org,2023-08-22,PREMIUM
C0340,Dennis Williams,fryraymond@example.com,2025-06-22,VIP
C0341,Jennifer Miles,davidsonamanda@example.org,2024-06-03,PREMIUM
C0342,Jorge Harris,amandamyers@example.net,2025-11-17,VIP
C0343,Maria Collins,pblair@example.org,2024-04-27,PREMIUM
C0344,Audrey Salazar,parkerjudith@example.net,2024-02-12,REGULAR
C0345,Chad Smith,hbenton@example.net,2025-12-09,PREMIUM
C0346,Carol Martinez,jessica10@example.com,2026-01-04,PREMIUM
C0347,Austin Joseph,crawfordwilliam@example.org,2025-02-01,VIP
C0348,Holly Scott,shannonemily@example.org,2024-04-10,REGULAR
C0349,Amanda Roy,brandoncox@example.org,2024-02-16,PREMIUM
C0350,Amanda Pratt,pwalker@example.com,2026-05-03,REGULAR
C0351,Roger Duncan,shawrachel@example.org,2024-04-04,PREMIUM
C0352,Amber Morales,xcline@example.com,2024-07-27,VIP
C0353,Aimee Gonzalez,jodi37@example.com,2025-05-13,PREMIUM
C0354,Raymond Gonzalez DVM,edwardrandolph@example.org,2024-04-15,VIP
C0355,Ryan Wiley,aaron64@example.org,2024-03-15,REGULAR
C0356,Mrs. Tonya Kaufman,jenniferdavis@example.org,2026-04-13,PREMIUM
C0357,Mercedes Watson,carpenterwilliam@example.net,2026-01-18,REGULAR
C0358,Keith Graham,joelgreen@example.com,2026-05-14,VIP
C0359,Ronnie Nguyen,enelson@example.org,2023-12-31,PREMIUM
C0360,Ashley Garcia,aowens@example.org,2025-03-13,REGULAR
C0361,Christine Parker,melissa12@example.net,2024-07-02,PREMIUM
C0362,Lindsey Lewis,eddie35@example.com,2025-02-16,PREMIUM
C0363,Debbie Ewing,cranemelissa@example.net,2025-10-31,PREMIUM
C0364,Joel Lara,davidbrown@example.org,2023-12-25,VIP
C0365,Jacqueline Mccoy,aguilarjonathan@example.org,2023-08-27,VIP
C0366,Steven Ramos,christopherboone@example.com,2023-12-16,PREMIUM
C0367,Amber Glass,zunderwood@example.com,2023-09-05,PREMIUM
C0368,Carrie Lewis,joshuagriffin@example.org,2023-09-10,REGULAR
C0369,Danielle Phillips,eandrade@example.org,2023-11-08,REGULAR
C0370,Jason Day,crystalpham@example.org,2026-07-23,VIP
C0371,Heather Stephens,kcooper@example.net,2024-07-21,VIP
C0372,Alexander Harper,huangkimberly@example.org,2026-01-06,REGULAR
C0373,Hunter Silva,terrigarcia@example.net,2024-04-24,PREMIUM
C0374,Raven Mclaughlin,barbaramcgrath@example.com,2024-08-26,VIP
C0375,Sarah Thompson,linda59@example.org,2025-09-12,REGULAR
C0376,Keith Thomas,marycochran@example.com,2025-03-20,PREMIUM
C0377,Andrew Brown,andrewwoods@example.com,2026-05-06,REGULAR
C0378,Carlos Love,brian29@example.net,2026-05-05,VIP
C0379,Sarah Valencia,brookssheri@example.com,2025-05-07,PREMIUM
C0380,Frank Daugherty,fconner@example.net,2024-07-16,REGULAR
C0381,Kristina Preston,jeffrey92@example.com,2024-07-05,VIP
C0382,Bethany Daniel,xrosales@example.net,2023-09-08,VIP
C0383,Tammy Ponce,daniellegarcia@example.com,2024-01-05,PREMIUM
C0384,Cynthia Haas,daisymccarty@example.net,2025-08-07,REGULAR
C0385,Gabriela Smith,johnjones@example.com,2025-12-13,PREMIUM
C0386,Amber Kim,acosta@example.com,2026-03-27,PREMIUM
C0387,James Poole,franciscojones@example.org,2024-06-22,REGULAR
C0388,Trevor Jones,pamelamartin@example.org,2025-03-25,PREMIUM
C0389,Anna Wheeler,bbush@example.net,2024-01-31,REGULAR
C0390,Brooke Garcia,terriortiz@example.net,2025-10-03,REGULAR
C0391,Deborah Campbell,codylong@example.net,2026-02-09,VIP
C0392,Isaac Patterson,madison97@example.org,2023-11-18,REGULAR
C0393,Mark Rowland,tanthony@example.com,2025-01-01,PREMIUM
C0394,Deborah May,ylopez@example.com,2024-02-24,REGULAR
C0395,Jeremiah Baker,anne21@example.org,2025-08-05,PREMIUM
C0396,Jennifer Avila,angelarandall@example.net,2024-11-04,VIP
C0397,Sharon Wells,thomasmiller@example.net,2023-09-11,VIP
C0398,Kellie Duncan,davidtodd@example.org,2026-06-09,PREMIUM
C0399,Daniel Lee,hendersonvanessa@example.com,2024-03-12,VIP
C0400,Brittany Larson,renee11@example.com,2025-04-04,PREMIUM
C0401,Shannon Stone,buchanancindy@example.net,2025-12-07,REGULAR
C0402,Chase Knight,buckleyanna@example.org,2025-12-12,VIP
C0403,Sheryl Humphrey,patrick79@example.net,2025-01-03,REGULAR
C0404,Jamie Montgomery,vwilliams@example.net,2024-04-20,PREMIUM
C0405,Tammie Prince,morganlaura@example.com,2024-06-06,REGULAR
C0406,Michael Garcia PhD,kevinmanning@example.com,2024-05-25,VIP
C0407,Matthew Lopez,robinrussell@example.com,2025-11-13,REGULAR
C0408,Samantha Robertson,cameronmckinney@example.com,2023-12-30,VIP
C0409,Sherry Johnson,nancygonzalez@example.org,2024-05-03,PREMIUM
C0410,Thomas Bush,micheal78@example.com,2025-06-30,PREMIUM
C0411,Andre Watson,ethompson@example.net,2025-03-30,VIP
C0412,Ryan Green,mitchellpaul@example.org,2026-02-24,REGULAR
C0413,Cindy Walker,ericaadams@example.com,2025-02-16,PREMIUM
C0414,Tracy Fleming,pbuck@example.org,2025-05-23,VIP
C0415,David Trujillo,jennifer46@example.com,2026-02-22,REGULAR
C0416,Daniel Turner,asilva@example.net,2026-08-03,VIP
C0417,Sara Hoffman,kenneth17@example.org,2024-08-06,REGULAR
C0418,Frederick Hill,jacob83@example.org,2026-01-02,REGULAR
C0419,Lindsay Guerrero,jenniferrios@example.com,2024-05-14,REGULAR
C0420,James Johnson,matthewreeves@example.net,2025-03-11,VIP
C0421,Susan Powers,megan82@example.com,2023-11-18,VIP
C0422,David Stokes,staceylam@example.net,2023-11-09,PREMIUM
C0423,Patrick Parker,nathan94@example.com,2026-02-21,VIP
C0424,Sean Silva,kennedyjames@example.org,2026-03-11,PREMIUM
C0425,Edwin Brown,derrickgonzalez@example.com,2026-07-20,VIP
C0426,Victoria Thomas,kimberlyfreeman@example.net,2026-07-20,PREMIUM
C0427,Anthony Hayes,kathleenjackson@example.org,2025-01-21,REGULAR
C0428,Anita Mendez,epowell@example.com,2023-08-09,VIP
C0429,Monica Dodson,katherine83@example.org,2025-08-14,PREMIUM
C0430,Danielle Steele,larry16@example.net,2025-05-10,REGULAR
C0431,Rodney Evans,stephen89@example.net,2024-08-08,VIP
C0432,Whitney Cooper,mhoward@example.org,2026-06-08,REGULAR
C0433,Jennifer Perez,jasonjohnson@example.net,2024-02-05,VIP
C0434,Matthew Johnson,kelsey90@example.net,2026-07-29,VIP
C0435,Martha Smith,butleromar@example.net,2024-05-07,REGULAR
C0436,Christine Jennings,turnerdorothy@example.net,2025-02-24,VIP
C0437,Mercedes Barnes,huntchristine@example.com,2023-12-06,PREMIUM
C0438,Craig Gonzalez,marie35@example.net,2024-10-26,VIP
C0439,Joshua Lozano,arivera@example.org,2025-08-09,PREMIUM
C0440,Sara Caldwell,stacychan@example.org,2025-10-05,PREMIUM
C0441,David Hall,joseph01@example.org,2026-03-19,PREMIUM
C0442,Heather Rhodes,grodgers@example.org,2023-08-14,REGULAR
C0443,Matthew Murphy,rfriedman@example.net,2023-11-13,PREMIUM
C0444,Catherine Morales,ynelson@example.net,2026-02-21,PREMIUM
C0445,Mariah Robles,andersonjessica@example.org,2023-11-25,PREMIUM
C0446,Karen Carroll,ywhite@example.com,2025-06-04,VIP
C0447,Sheryl Acosta,timothyfreeman@example.com,2024-11-28,REGULAR
C0448,Matthew Smith,tiffanysantiago@example.com,2025-02-22,PREMIUM
C0449,Lisa Reynolds,timothyalvarado@example.net,2024-09-28,PREMIUM
C0450,Kristin Huerta,smithsarah@example.net,2026-02-19,REGULAR
C0451,Sheila Jones,vflores@example.com,2023-09-28,VIP
C0452,Mason Powell,christianwallace@example.net,2024-12-07,REGULAR
C0453,Jillian Wilson,bmcgee@example.org,2024-10-19,PREMIUM
C0454,Joshua Petersen,pamela83@example.net,2025-08-08,PREMIUM
C0455,Heidi Brown,meganrivera@example.net,2025-05-22,REGULAR
C0456,Heidi Chavez,malonejeffrey@example.com,2024-08-27,VIP
C0457,Rebecca Kelley,jacqueline02@example.com,2024-01-04,PREMIUM
C0458,Mikayla Rodriguez,jacobconrad@example.com,2024-03-27,VIP
C0459,Cheryl Morgan,owilliams@example.net,2025-05-10,REGULAR
C0460,Joanna Barrett,tamarasmith@example.net,2023-09-26,VIP
C0461,Sara Webb,heatherthompson@example.org,2023-11-25,VIP
C0462,Lisa Morris,mbarnes@example.net,2025-11-16,VIP
C0463,Victor Waller,iballardexample.com,2025-05-25,PREMIUM
C0464,Kayla Cameron,jennifer83@example.org,2024-03-20,REGULAR
C0465,Melissa Morse,tinasantos@example.org,2025-02-06,REGULAR
C0466,Erica Wilson,anna99@example.net,2025-09-20,REGULAR
C0467,Stephanie Ferguson,hstokes@example.org,2023-08-31,VIP
C0468,Michael Gonzalez,tonyavega@example.org,2026-02-08,VIP
C0469,Elizabeth Molina,howardshaun@example.net,2026-03-12,PREMIUM
C0470,Sharon Newton,yyoung@example.net,2024-06-14,REGULAR
C0471,Tammy Hughes,tammy00@example.net,2024-05-05,REGULAR
C0472,Priscilla Berg,rhondabush@example.net,2024-09-10,VIP
C0473,Nancy Gonzalez,kellythompson@example.net,2023-10-24,REGULAR
C0474,Nancy Wilson,pattersonangela@example.org,2024-01-27,PREMIUM
C0475,Abigail Owens,billmcfarland@example.net,2023-09-28,PREMIUM
C0476,Lisa Stanley,jtyler@example.com,2023-10-22,VIP
C0477,Kelly Krueger,hartmanerik@example.net,2025-03-14,REGULAR
C0478,Daniel Lewis,mark43@example.net,2025-03-07,PREMIUM
C0479,Samantha Zavala MD,sean99@example.org,2026-06-19,VIP
C0480,Erica Moon,cruzamber@example.com,2023-08-31,PREMIUM
C0481,Patricia Robertson,stucker@example.net,2024-03-01,PREMIUM
C0482,Tiffany Jackson,simsjason@example.net,2025-11-28,PREMIUM
C0483,Jessica Garcia,elucas@example.net,2025-08-24,VIP
C0484,Mitchell Johnson,brownlaura@example.net,2023-10-20,PREMIUM
C0485,Susan Russell,bmccoy@example.com,2023-08-22,VIP
C0486,Kimberly May,avilabrenda@example.net,2026-02-18,PREMIUM
C0487,Jonathan Roberts,catherine47@example.com,2024-10-10,PREMIUM
C0488,Kara Ferguson,julierobles@example.net,2024-06-22,VIP
C0489,Elizabeth Eaton,susan08@example.net,2024-01-05,PREMIUM
C0490,Kenneth Long,torreskaitlin@example.net,2024-08-14,VIP
C0491,Matthew Hunt,jackjensen@example.com,2024-03-03,VIP
C0492,Robert Phelps,enewman@example.com,2025-08-09,PREMIUM
C0493,Craig Carpenter,michael31@example.com,2025-06-12,REGULAR
C0494,Emily Hayes,heather29@example.net,2024-09-06,VIP
C0495,Jeffrey Smith,kristenjoseph@example.net,2024-11-23,REGULAR
C0496,Brandy Quinn,wford@example.com,2025-01-18,PREMIUM
C0497,Matthew Miller,michele28@example.org,2024-05-18,PREMIUM
C0498,Angela Jones,atkinsoncrystalexample.net,2025-04-29,REGULAR
C0499,Christy Johnson,amy87@example.net,2025-11-30,VIP
C0500,Daniel Barton,dennis88@example.org,2024-10-11,REGULAR
