item_id,order_id,product_id,quantity,unit_price,discount_percent
I00001,O0078,P0026,2,6791.04,1.11
I00002,O0065,P0367,1,3125.07,0.41
I00003,O0253,P0112,1,2459.2,15.58
I00004,O0238,P0357,4,5560.83,16.51
I00005,O0398,P0201,2,592.55,23.51
I00006,O0129,P0419,2,2732.88,0.63
I00007,O0500,P0227,2,1805.42,49.73
I00008,O0395,P0049,2,3695.86,49.11
I00009,O0493,P0160,4,6559.89,7.93
I00010,O0282,P0267,1,942.78,24.06
I00011,O0455,P0027,3,6059.24,10.89
I00012,O0223,P0167,1,203.97,39.72
I00013,O0405,P0125,5,161.62,2.1
I00014,O0080,P0191,4,5418.5,12.44
I00015,O0317,P0174,4,6522.86,49.85
I00016,O0331,P0079,1,4939.16,39.57
I00017,O0163,P0286,2,5541.08,37.83
I00018,O0011,P0353,4,2706.61,36.22
I00019,O0249,P0362,3,3118.75,14.74
I00020,O0096,P0279,4,2498.89,36.62
I00021,O0307,P0469,3,6037.87,8.02
I00022,O0152,P0420,5,1917.11,18.36
I00023,O0260,P0195,1,5162.24,44.15
I00024,O0398,P0318,5,1747.63,36.05
I00025,O0098,P0269,5,4814.25,38.29
I00026,O0166,P0210,2,4522.24,5.52
I00027,O0023,P0428,5,6570.82,8.93
I00028,O0249,P0099,1,781.4,28.55
I00029,O0270,P0320,4,4939.07,12.8
I00030,O0368,P0037,3,190.29,46.05
I00031,O0427,P0041,4,3329.61,31.95
I00032,O0481,P0456,3,2970.08,18.45
I00033,O0137,P0271,1,380.51,3.52
I00034,O0111,P0492,3,3684.45,5.06
I00035,O0098,P0099,2,3730.72,12.44
I00036,O0286,P0213,2,5248.15,38.31
I00037,O0235,P0360,5,4690.17,44.14
I00038,O0282,P0206,2,3582.38,32.88
I00039,O0227,P0478,5,2531.04,15.76
I00040,O0212,P0392,3,4469.36,41.31
I00041,O0289,P0280,3,1576.1,38.29
I00042,O0232,P0230,3,6722.79,0.01
I00043,O0306,P0009,1,3671.5,49.67
I00044,O0114,P0110,-3,6004.47,1.09
I00045,O0262,P0285,3,4037.61,28.58
I00046,O0183,P0080,1,1055.02,18.35
I00047,O0132,P0416,5,2172.09,28.52
I00048,O0376,P0040,5,5092.71,39.65
I00049,O0461,P0354,2,4949.65,40.98
I00050,O0154,P0020,1,5142.45,28.81
I00051,O0472,P0395,1,2407.29,43.99
I00052,O0445,P0062,4,6101.53,11.34
I00053,O0325,P0399,5,4462.14,2.71
I00054,O0277,P0290,5,1132.1,25.12
I00055,O0345,P0375,2,6981.83,48.55
I00056,O0047,P0114,5,3080.36,39.32
I00057,O0043,P0244,2,4042.94,2.47
I00058,O0205,P0257,4,3097.99,34.89
I00059,O0102,P0250,2,2827.7,28.57
I00060,O0377,P0269,5,1799.1,3.58
I00061,O0474,P0295,4,718.2,33.59
I00062,O0098,P0165,4,2477.22,32.77
I00063,O0180,P0316,3,5768.93,40.14
I00064,O0023,P0474,5,5745.39,9.98
I00065,O0373,P0437,3,692.12,36.98
I00066,O0475,P0076,2,6094.39,41.01
I00067,O0412,P0057,1,2205.31,23.56
I00068,O0276,P0109,3,1506.23,26.16
I00069,O0319,P0374,3,6946.88,34.75
I00070,O0464,P0340,1,3734.91,12.77
I00071,O0405,P0357,1,4363.96,2.65
I00072,O0339,P0139,1,4674.57,45.64
I00073,O0010,P0150,3,6085.13,32.47
I00074,O0261,P0364,2,787.27,15.77
I00075,O0096,P0102,5,3554.49,22.9
I00076,O0473,P0272,1,2204.0,24.5
I00077,O0351,P0181,-2,2552.11,15.12
I00078,O0032,P0321,5,1877.99,19.36
I00079,O0486,P0144,1,1656.52,17.09
I00080,O0045,P0374,4,2737.23,48.03
I00081,O0352,P0117,5,2979.6,28.64
I00082,O0466,P0310,4,2372.06,27.11
I00083,O0298,P0278,2,4819.94,10.12
I00084,O0362,P0461,2,3714.26,6.76
I00085,O0290,P0470,2,1190.53,3.39
I00086,O0061,P0095,5,2291.42,43.98
I00087,O0451,P0499,1,2956.88,20.56
I00088,O0421,P0458,4,4494.25,36.92
I00089,O0055,P0068,2,1374.75,38.12
I00090,O0311,P0291,5,4325.3,29.82
I00091,O0184,P0041,2,4848.17,23.83
I00092,O0241,P0365,5,4582.02,9.2
I00093,O0071,P0084,4,1433.49,1.61
I00094,O0487,P0212,1,1635.62,33.57
I00095,O0034,P0091,2,6497.01,49.28
I00096,O0167,P0444,5,3257.06,12.34
I00097,O0312,P0377,4,5787.87,36.01
I00098,O0381,P0293,4,4197.26,26.26
I00099,O0232,P0234,1,5806.37,2.12
I00100,O0203,P0377,2,370.84,19.37
I00101,O0226,P0204,1,6202.34,38.68
I00102,O0217,P0151,3,4330.63,2.73
I00103,O0238,P0425,5,4558.1,4.52
I00104,O0399,P0300,5,6571.11,34.81
I00105,O0166,P0231,2,271.89,22.68
I00106,O0047,P0129,2,2336.12,32.43
I00107,O0064,P0047,2,887.74,22.47
I00108,O0363,P0197,3,5115.43,48.76
I00109,O0194,P0282,5,2726.19,38.41
I00110,O0338,P0442,3,1135.62,43.44
I00111,O0027,P0215,2,2225.63,36.51
I00112,O0093,P0061,4,6299.94,48.02
I00113,O0130,P0007,1,3264.63,42.77
I00114,O0312,P0452,5,3504.92,10.84
I00115,O0227,P0041,4,4248.39,0.33
I00116,O0322,P0286,5,5758.84,10.38
I00117,O0335,P0179,2,353.38,42.69
I00118,O0153,P0170,5,6450.65,2.45
I00119,O0083,P0345,4,2062.23,33.05
I00120,O0288,P0091,5,6767.42,37.47
I00121,O0048,P0394,3,2165.13,18.43
I00122,O0389,P0219,4,5918.84,3.25
I00123,O0356,P0441,4,1993.49,26.35
I00124,O0108,P0314,5,501.47,28.57
I00125,O0248,P0371,5,4851.71,46.69
I00126,O0435,P0163,3,1891.65,28.76
I00127,O0067,P0315,5,3982.18,25.99
I00128,O0093,P0453,4,4304.9,35.43
I00129,O0013,P0239,-2,4415.68,5.9
I00130,O0213,P0212,2,413.9,17.48
I00131,O0104,P0354,-2,2043.22,39.51
I00132,O0282,P0166,3,5392.52,5.69
I00133,O0371,P0292,3,4350.35,1.46
I00134,O0427,P0174,2,6463.73,23.96
I00135,O0331,P0070,4,3422.32,31.36
I00136,O0237,P0402,5,5717.75,46.39
I00137,O0154,P0290,1,5102.25,15.78
I00138,O0296,P0351,-5,2388.86,45.81
I00139,O0077,P0144,3,5901.1,16.96
I00140,O0432,P0085,4,4039.77,19.48
I00141,O0401,P0385,5,2227.14,42.89
I00142,O0045,P0255,1,6151.64,18.58
I00143,O0155,P0090,3,874.4,39.25
I00144,O0228,P0260,2,272.05,24.13
I00145,O0175,P0473,5,3435.96,43.69
I00146,O0074,P0394,3,6115.41,41.11
I00147,O0068,P0106,5,5099.54,22.97
I00148,O0160,P0478,5,403.81,42.41
I00149,O0456,P0024,1,811.41,38.31
I00150,O0389,P0160,-3,4508.07,10.49
I00151,O0142,P0273,2,2302.13,22.06
I00152,O0081,P0141,1,889.78,47.91
I00153,O0106,P0278,5,2517.2,15.92
I00154,O0412,P0146,2,4061.17,8.56
I00155,O0174,P0277,3,3161.17,6.5
I00156,O0026,P0055,4,2746.84,4.31
I00157,O0306,P0457,4,4190.02,41.81
I00158,O0160,P0171,4,5740.35,35.64
I00159,O0473,P0387,5,5374.56,28.39
I00160,O0471,P0358,1,3331.1,22.78
I00161,O0486,P0115,4,1091.68,44.79
I00162,O0201,P0094,3,4927.34,33.26
I00163,O0016,P0034,3,3379.81,17.57
I00164,O0145,P0394,4,2505.45,28.73
I00165,O0419,P0366,5,5597.63,16.29
I00166,O0273,P0237,1,2865.63,20.67
I00167,O0082,P0499,5,3428.39,3.3
I00168,O0303,P0221,2,5511.77,21.77
I00169,O0121,P0089,3,4672.02,3.89
I00170,O0059,P0304,5,4212.92,16.27
I00171,O0091,P0158,1,6695.6,3.48
I00172,O0306,P0395,1,5757.07,16.37
I00173,O0419,P0072,1,6222.1,45.16
I00174,O0339,P0077,1,3225.52,14.58
I00175,O0101,P0106,5,4802.47,15.83
I00176,O0348,P0156,5,6437.66,46.83
I00177,O0299,P0005,3,4319.29,25.52
I00178,O0032,P0190,2,6317.42,48.39
I00179,O0421,P0184,1,856.92,14.11
I00180,O0360,P0303,1,2820.45,15.91
I00181,O0223,P0280,4,1557.39,8.67
I00182,O0197,P0432,2,6478.93,42.0
I00183,O0447,P0344,2,966.29,0.58
I00184,O0454,P0250,1,4639.69,48.75
I00185,O0329,P0413,2,2969.4,22.8
I00186,O0320,P0093,5,3235.32,21.21
I00187,O0116,P0096,4,3030.93,0.37
I00188,O0122,P0365,4,3561.93,20.54
I00189,O0018,P0020,5,4020.23,35.24
I00190,O0493,P0354,1,652.44,36.51
I00191,O0385,P0399,5,2028.0,25.85
I00192,O0046,P0126,5,3359.92,37.08
I00193,O0277,P0409,1,4099.44,30.65
I00194,O0006,P0241,3,3232.84,45.3
I00195,O0216,P0181,5,6728.01,39.91
I00196,O0356,P0473,3,4223.69,15.2
I00197,O0323,P0243,5,4089.17,28.64
I00198,O0320,P0014,3,2079.03,4.13
I00199,O0402,P0143,5,1839.15,30.79
I00200,O0008,P0380,3,869.69,8.73
I00201,O0338,P0229,5,2651.39,8.77
I00202,O0410,P0271,2,6047.9,17.14
I00203,O0305,P0479,1,5769.89,41.88
I00204,O0122,P0339,4,3137.28,31.88
I00205,O0432,P0177,2,474.85,13.22
I00206,O0238,P0205,1,3386.0,23.81
I00207,O0350,P0362,5,2791.49,13.13
I00208,O0007,P0148,5,6497.84,22.44
I00209,O0350,P0490,3,383.02,45.89
I00210,O0222,P0313,3,6434.49,42.92
I00211,O0411,P0051,3,1861.87,29.21
I00212,O0384,P0124,4,5166.76,29.44
I00213,O0347,P0354,2,6953.18,15.66
I00214,O0426,P0035,1,182.53,4.88
I00215,O0180,P0113,1,5104.23,12.59
I00216,O0048,P0030,-1,6575.69,32.83
I00217,O0327,P0063,2,4985.72,6.0
I00218,O0337,P0392,5,6309.29,28.3
I00219,O0357,P0095,2,1848.02,23.35
I00220,O0473,P0142,1,5408.58,34.61
I00221,O0400,P0038,3,2013.28,3.12
I00222,O0031,P0133,4,6693.68,13.23
I00223,O0476,P0103,4,4311.08,8.92
I00224,O0277,P0394,4,3075.65,30.7
I00225,O0367,P0133,1,812.68,3.65
I00226,O0398,P0229,5,229.48,24.89
I00227,O0341,P0200,1,1938.41,35.0
I00228,O0264,P0363,4,6585.39,24.53
I00229,O0373,P0400,4,5704.7,3.5
I00230,O0489,P0353,-2,5744.04,24.1
I00231,O0184,P0171,5,4804.67,20.03
I00232,O0437,P0492,1,2446.43,42.06
I00233,O0091,P0284,3,371.39,19.21
I00234,O0200,P0459,2,836.7,34.44
I00235,O0324,P0225,4,5173.74,7.0
I00236,O0304,P0123,-2,3475.7,3.15
I00237,O0256,P0274,5,6758.18,40.59
I00238,O0029,P0173,1,5535.67,2.14
I00239,O0335,P0342,1,3709.53,47.0
I00240,O0297,P0120,5,6481.23,1.84
I00241,O0010,P0242,2,6359.53,30.92
I00242,O0067,P0008,2,1288.52,2.5
I00243,O0050,P0234,3,4317.46,41.77
I00244,O0055,P0059,1,3530.29,39.96
I00245,O0104,P0219,2,2427.67,41.79
I00246,O0500,P0351,4,4074.17,6.87
I00247,O0304,P0089,2,2414.98,6.04
I00248,O0087,P0357,2,2652.5,8.25
I00249,O0021,P0069,2,789.78,42.37
I00250,O0081,P0009,5,6169.43,4.04
I00251,O0046,P0362,1,4597.11,44.35
I00252,O0406,P0396,4,3384.49,6.34
I00253,O0268,P0231,2,2943.02,46.9
I00254,O0306,P0093,5,5048.67,30.6
I00255,O0401,P0155,1,2500.19,0.23
I00256,O0272,P0049,2,4370.55,43.14
I00257,O0238,P0395,5,4422.6,10.41
I00258,O0408,P0077,1,4828.18,48.43
I00259,O0082,P0344,4,6466.44,2.7
I00260,O0223,P0129,3,2406.63,40.26
I00261,O0380,P0027,4,6481.54,8.79
I00262,O0060,P0037,1,6276.05,36.07
I00263,O0215,P0102,5,5254.9,44.92
I00264,O0167,P0117,2,776.64,36.89
I00265,O0113,P0038,2,3349.83,24.22
I00266,O0476,P0313,4,3239.44,19.37
I00267,O0100,P0324,2,2574.27,13.48
I00268,O0355,P0292,3,511.6,6.83
I00269,O0088,P0390,4,2470.67,44.32
I00270,O0407,P0327,5,6674.04,45.28
I00271,O0438,P0118,5,696.67,42.85
I00272,O0111,P0303,4,3367.07,23.14
I00273,O0377,P0447,1,1801.91,16.36
I00274,O0475,P0303,5,6629.14,45.69
I00275,O0023,P0021,1,6939.79,36.67
I00276,O0272,P0202,5,3406.96,39.9
I00277,O0124,P0043,1,3953.56,0.62
I00278,O0068,P0184,4,2140.95,32.38
I00279,O0343,P0157,-1,1216.44,22.96
I00280,O0013,P0500,5,3238.4,38.59
I00281,O0447,P0190,4,4425.0,35.2
I00282,O0037,P0198,1,6264.7,16.65
I00283,O0386,P0139,1,4916.58,30.63
I00284,O0404,P0351,5,658.62,44.04
I00285,O0466,P0346,1,2611.53,2.58
I00286,O0317,P0021,4,2622.44,8.76
I00287,O0288,P0364,5,5437.67,6.92
I00288,O0059,P0333,3,3401.6,46.96
I00289,O0360,P0108,5,5296.9,38.04
I00290,O0137,P0258,3,4793.56,13.86
I00291,O0232,P0249,1,3560.01,41.48
I00292,O0348,P0423,4,3776.7,14.61
I00293,O0345,P0485,5,4883.24,48.9
I00294,O0453,P0235,1,702.43,19.53
I00295,O0490,P0040,2,854.62,13.8
I00296,O0448,P0105,2,3692.74,31.36
I00297,O0350,P0278,3,6528.88,23.7
I00298,O0331,P0011,4,2111.47,3.15
I00299,O0267,P0331,2,2417.55,28.94
I00300,O0341,P0357,3,3758.15,27.42
I00301,O0068,P0460,4,5546.5,8.59
I00302,O0191,P0498,3,2088.21,42.28
I00303,O0234,P0490,2,1247.91,46.21
I00304,O0499,P0090,5,5891.39,34.64
I00305,O0060,P0022,2,6957.03,28.73
I00306,O0095,P0106,4,3981.16,1.73
I00307,O0076,P0191,3,3194.16,48.77
I00308,O0472,P0013,5,2891.48,24.97
I00309,O0476,P0164,2,1176.77,48.51
I00310,O0170,P0332,5,4967.61,23.7
I00311,O0387,P0294,3,4701.53,39.98
I00312,O0058,P0375,4,3404.97,2.0
I00313,O0013,P0206,5,4360.9,11.02
I00314,O0029,P0312,3,4525.06,29.17
I00315,O0393,P0143,2,1450.44,4.18
I00316,O0491,P0045,4,6833.29,19.72
I00317,O0310,P0262,4,6609.47,45.42
I00318,O0367,P0438,3,3050.72,19.31
I00319,O0180,P0158,1,6844.91,43.72
I00320,O0455,P0228,1,5216.54,20.78
I00321,O0413,P0373,4,6795.49,21.19
I00322,O0301,P0307,4,693.94,10.39
I00323,O0269,P0172,4,556.2,48.0
I00324,O0210,P0328,4,6409.43,20.73
I00325,O0291,P0387,5,6412.62,9.96
I00326,O0252,P0022,4,5777.31,15.1
I00327,O0287,P0379,5,3297.82,1.34
I00328,O0154,P0490,1,4519.83,31.83
I00329,O0458,P0148,1,2978.38,24.59
I00330,O0392,P0142,-2,3502.05,48.53
I00331,O0298,P0247,5,4002.46,43.42
I00332,O0419,P0062,4,2675.1,36.65
I00333,O0084,P0298,1,503.72,15.98
I00334,O0028,P0140,2,2592.03,31.81
I00335,O0150,P0272,3,4508.73,3.84
I00336,O0094,P0392,2,752.11,37.63
I00337,O0162,P0424,5,5930.46,39.99
I00338,O0353,P0186,3,761.25,29.0
I00339,O0266,P0145,-2,2673.8,24.24
I00340,O0084,P0053,3,1603.35,25.17
I00341,O0287,P0315,2,4858.6,47.62
I00342,O0360,P0388,5,5637.8,20.87
I00343,O0068,P0473,1,219.92,17.41
I00344,O0227,P0456,3,6914.31,26.16
I00345,O0156,P0015,3,5236.78,5.93
I00346,O0073,P0353,2,1663.36,6.27
I00347,O0218,P0354,2,5364.86,5.59
I00348,O0388,P0221,1,393.37,5.39
I00349,O0241,P0061,5,6368.85,2.16
I00350,O0387,P0050,3,5498.36,46.0
I00351,O0103,P0095,2,4727.14,1.46
I00352,O0483,P0143,2,6646.66,17.39
I00353,O0400,P0374,2,4329.4,25.25
I00354,O0297,P0391,1,196.49,10.85
I00355,O0088,P0462,2,5302.72,0.22
I00356,O0472,P0259,1,5973.95,23.74
I00357,O0345,P0491,5,840.54,41.74
I00358,O0264,P0117,4,2912.29,38.07
I00359,O0057,P0267,3,1037.8,38.11
I00360,O0021,P0043,3,2364.0,5.79
I00361,O0377,P0160,3,4840.62,42.05
I00362,O0149,P0438,2,3052.94,42.84
I00363,O0189,P0092,4,188.22,33.71
I00364,O0268,P0338,1,4767.98,5.96
I00365,O0303,P0053,4,5215.88,44.62
I00366,O0500,P0102,2,2436.56,29.75
I00367,O0430,P0218,4,5103.88,13.93
I00368,O0388,P0405,5,5626.79,47.16
I00369,O0309,P0487,3,2890.66,24.23
I00370,O0233,P0056,3,943.11,24.47
I00371,O0069,P0016,2,787.26,2.64
I00372,O0014,P0498,1,1335.76,30.23
I00373,O0319,P0320,3,764.7,3.83
I00374,O0406,P0239,5,1493.33,33.1
I00375,O0278,P0176,4,5685.42,27.03
I00376,O0017,P0221,1,6172.87,5.96
I00377,O0193,P0227,4,3271.63,1.64
I00378,O0400,P0156,5,6204.43,8.21
I00379,O0367,P0200,4,3463.44,5.47
I00380,O0351,P0277,4,4048.25,23.8
I00381,O0201,P0135,2,3513.37,48.54
I00382,O0393,P0146,5,2311.33,1.41
I00383,O0188,P0179,1,5685.92,29.2
I00384,O0220,P0177,3,6944.42,20.6
I00385,O0127,P0121,1,4571.77,29.63
I00386,O0059,P0173,1,1271.48,26.92
I00387,O0443,P0217,1,4019.54,45.07
I00388,O0241,P0302,-3,253.43,15.83
I00389,O0294,P0051,5,5677.45,5.0
I00390,O0258,P0416,2,5377.84,16.98
I00391,O0497,P0224,5,1492.13,31.77
I00392,O0275,P0110,1,2082.75,2.38
I00393,O0116,P0320,5,5225.93,4.6
I00394,O0173,P0140,5,564.16,40.06
I00395,O0178,P0408,4,628.96,41.19
I00396,O0222,P0340,5,3825.64,10.0
I00397,O0264,P0233,4,4733.77,27.38
I00398,O0265,P0442,1,1387.12,24.96
I00399,O0327,P0273,4,5681.64,42.64
I00400,O0373,P0321,4,513.18,10.03
I00401,O0078,P0383,4,4828.62,15.01
I00402,O0441,P0426,4,6386.85,31.7
I00403,O0147,P0331,4,1208.03,34.34
I00404,O0059,P0077,2,1424.22,12.28
I00405,O0287,P0224,3,3011.93,45.28
I00406,O0070,P0015,2,1882.94,40.18
I00407,O0437,P0022,5,6750.13,24.29
I00408,O0460,P0043,1,2265.94,14.9
I00409,O0209,P0460,1,2607.7,32.87
I00410,O0430,P0371,1,5914.98,11.8
I00411,O0478,P0062,5,3701.51,41.45
I00412,O0453,P0047,5,1742.73,6.11
I00413,O0300,P0378,3,2790.66,37.42
I00414,O0112,P0074,2,837.02,10.71
I00415,O0131,P0442,3,4167.42,24.52
I00416,O0058,P0163,3,3865.64,23.74
I00417,O0451,P0402,2,6565.11,18.15
I00418,O0011,P0331,3,6770.96,30.29
I00419,O0404,P0344,1,1753.76,27.64
I00420,O0359,P0186,3,6331.78,34.26
I00421,O0440,P0227,5,2780.45,45.49
I00422,O0470,P0131,4,2176.13,46.82
I00423,O0441,P0456,2,1205.57,21.94
I00424,O0393,P0330,3,2903.39,1.69
I00425,O0482,P0252,1,3350.53,20.65
I00426,O0449,P0471,3,5759.67,41.22
I00427,O0181,P0216,3,4254.6,40.67
I00428,O0015,P0391,3,459.48,32.08
I00429,O0070,P0002,4,2864.57,31.41
I00430,O0057,P0081,3,1822.26,35.68
I00431,O0352,P0211,2,5569.23,15.97
I00432,O0069,P0134,4,1297.01,29.65
I00433,O0102,P0044,3,2960.03,9.09
I00434,O0453,P0293,4,1648.96,47.41
I00435,O0321,P0118,5,6357.23,48.71
I00436,O0437,P0087,2,443.5,30.9
I00437,O0046,P0491,5,2638.65,47.36
I00438,O0270,P0223,-1,5436.18,46.41
I00439,O0366,P0105,4,1414.75,43.1
I00440,O0254,P0196,3,998.38,42.82
I00441,O0422,P0145,5,5114.29,9.47
I00442,O0075,P0015,2,2102.33,13.09
I00443,O0128,P0190,5,4122.03,32.36
I00444,O0069,P0447,-1,2330.4,34.65
I00445,O0363,P0217,2,5179.12,12.81
I00446,O0027,P0171,1,6524.35,23.55
I00447,O0481,P0344,3,6773.75,29.91
I00448,O0259,P0318,-1,2728.47,48.88
I00449,O0457,P0287,3,383.76,8.97
I00450,O0477,P0174,2,6157.49,6.6
I00451,O0222,P0073,3,1896.8,15.66
I00452,O0499,P0428,2,2038.9,18.03
I00453,O0449,P0135,4,4329.23,38.08
I00454,O0224,P0458,3,1238.39,36.84
I00455,O0078,P0285,4,5985.93,32.87
I00456,O0077,P0028,4,1686.04,1.79
I00457,O0240,P0224,3,900.57,44.76
I00458,O0183,P0364,4,3969.9,22.89
I00459,O0444,P0076,1,953.21,4.68
I00460,O0087,P0384,3,3610.29,13.64
I00461,O0498,P0003,5,3729.51,28.54
I00462,O0127,P0394,4,3536.96,4.72
I00463,O0349,P0349,-3,941.74,18.68
I00464,O0079,P0015,1,659.34,41.53
I00465,O0490,P0138,4,4200.01,0.29
I00466,O0487,P0232,1,2341.92,36.58
I00467,O0442,P0025,5,5630.75,14.15
I00468,O0281,P0488,1,4255.81,4.63
I00469,O0495,P0395,3,6072.06,4.46
I00470,O0400,P0207,2,2066.06,37.63
I00471,O0252,P0411,2,3083.27,40.32
I00472,O0309,P0068,3,2577.41,4.81
I00473,O0251,P0229,3,6209.35,23.82
I00474,O0047,P0388,5,3015.5,18.41
I00475,O0219,P0048,2,379.02,17.09
I00476,O0332,P0352,4,5024.08,46.53
I00477,O0269,P0043,5,2105.85,21.87
I00478,O0066,P0351,4,6330.03,42.08
I00479,O0292,P0025,5,3901.86,45.87
I00480,O0218,P0212,5,751.94,33.04
I00481,O0182,P0131,5,4140.42,38.43
I00482,O0339,P0237,1,1338.91,9.11
I00483,O0214,P0449,4,4960.21,15.7
I00484,O0231,P0320,4,5674.06,17.07
I00485,O0041,P0383,2,6877.08,12.97
I00486,O0010,P0003,1,2825.04,0.67
I00487,O0208,P0445,4,4638.25,37.21
I00488,O0417,P0499,4,4355.54,34.53
I00489,O0045,P0065,4,1032.29,9.54
I00490,O0097,P0440,1,285.03,24.06
I00491,O0224,P0432,2,4419.81,39.5
I00492,O0395,P0238,2,1122.34,21.09
I00493,O0079,P0379,1,4947.93,48.19
I00494,O0231,P0300,-4,1774.14,14.74
I00495,O0005,P0053,4,4449.83,35.65
I00496,O0378,P0297,4,4211.29,27.72
I00497,O0205,P0249,3,3642.15,36.23
I00498,O0032,P0271,4,231.24,28.82
I00499,O0458,P0332,5,2978.25,23.67
I00500,O0331,P0178,4,3193.45,21.81
I00501,O0099,P0241,2,2472.55,11.61
I00502,O0351,P0174,2,6459.98,42.67
I00503,O0151,P0371,4,5008.56,47.99
I00504,O0410,P0498,3,5927.27,31.09
I00505,O0045,P0342,3,3431.94,8.66
I00506,O0052,P0407,2,2970.29,49.69
I00507,O0286,P0025,3,6994.9,17.94
I00508,O0082,P0090,3,5812.85,44.72
I00509,O0173,P0221,1,886.39,11.33
I00510,O0133,P0175,5,5515.71,38.47
I00511,O0078,P0437,5,4861.94,25.77
I00512,O0475,P0485,1,3121.0,22.86
I00513,O0401,P0313,1,4306.63,42.92
I00514,O0022,P0260,1,827.34,31.5
I00515,O0081,P0373,2,2115.65,22.08
I00516,O0446,P0051,5,1164.64,18.19
I00517,O0104,P0225,2,6790.49,38.46
I00518,O0415,P0243,1,2455.11,25.25
I00519,O0367,P0387,1,2963.56,31.47
I00520,O0386,P0272,2,3009.88,11.41
I00521,O0210,P0460,4,3265.4,42.62
I00522,O0227,P0075,3,5414.05,35.88
I00523,O0044,P0174,5,2272.15,49.1
I00524,O0202,P0389,2,355.95,46.13
I00525,O0030,P0324,2,6862.32,39.95
I00526,O0215,P0206,5,6211.9,35.04
I00527,O0161,P0466,3,2474.69,41.35
I00528,O0076,P0359,5,2887.17,32.19
I00529,O0317,P0334,5,3150.79,17.26
I00530,O0452,P0155,4,681.54,26.87
I00531,O0379,P0451,4,969.44,49.6
I00532,O0262,P0283,3,2254.54,17.04
I00533,O0456,P0408,-2,3825.54,12.93
I00534,O0259,P0057,3,5150.7,42.08
I00535,O0182,P0064,3,429.36,32.55
I00536,O0294,P0378,1,135.97,16.95
I00537,O0298,P0290,2,5031.07,46.88
I00538,O0120,P0180,5,2164.49,33.35
I00539,O0366,P0194,5,3685.7,12.38
I00540,O0099,P0422,3,5471.99,22.72
I00541,O0425,P0211,2,665.44,3.11
I00542,O0229,P0040,2,2648.13,26.31
I00543,O0399,P0203,5,6116.9,29.22
I00544,O0353,P0477,4,6639.96,36.59
I00545,O0074,P0259,4,977.16,35.56
I00546,O0263,P0442,2,3751.07,34.72
I00547,O0383,P0081,4,6614.08,18.47
I00548,O0210,P0057,1,933.98,28.59
I00549,O0061,P0191,1,2203.98,18.72
I00550,O0406,P0074,3,1080.76,29.48
I00551,O0157,P0456,1,2056.03,9.15
I00552,O0281,P0179,-4,566.2,2.23
I00553,O0290,P0232,4,6311.98,39.07
I00554,O0427,P0311,4,1016.39,6.93
I00555,O0342,P0230,4,1127.98,36.39
I00556,O0341,P0320,1,2926.44,11.64
I00557,O0024,P0491,4,4726.06,22.15
I00558,O0444,P0085,3,4979.74,28.6
I00559,O0064,P0330,3,3959.53,9.62
I00560,O0388,P0028,5,6705.32,26.09
I00561,O0010,P0062,4,4641.96,26.59
I00562,O0106,P0126,1,5824.86,41.95
I00563,O0414,P0274,5,4287.3,20.09
I00564,O0479,P0012,1,2445.7,9.03
I00565,O0163,P0196,1,1874.53,5.73
I00566,O0147,P0074,1,1360.42,38.42
I00567,O0209,P0348,2,1267.42,30.72
I00568,O0366,P0030,3,2156.37,4.94
I00569,O0166,P0133,2,2691.04,41.39
I00570,O0123,P0386,1,4219.33,11.82
I00571,O0198,P0487,5,894.06,3.03
I00572,O0034,P0248,4,299.45,31.68
I00573,O0494,P0301,1,4758.17,12.32
I00574,O0065,P0156,5,4020.89,22.3
I00575,O0496,P0073,5,2675.81,49.27
I00576,O0217,P0493,2,6389.3,22.59
I00577,O0493,P0425,1,4383.04,32.65
I00578,O0478,P0472,-2,3427.09,29.89
I00579,O0432,P0324,4,1568.0,42.03
I00580,O0379,P0274,3,3985.26,15.03
I00581,O0426,P0072,4,5103.01,49.94
I00582,O0259,P0491,4,5634.19,44.2
I00583,O0386,P0363,3,3223.75,12.3
I00584,O0236,P0492,3,4236.64,0.79
I00585,O0002,P0312,2,3388.05,45.07
I00586,O0459,P0357,2,4952.77,38.12
I00587,O0449,P0333,5,4593.74,26.93
I00588,O0181,P0498,4,5708.19,41.37
I00589,O0430,P0394,3,5701.9,49.19
I00590,O0480,P0099,1,3167.59,11.08
I00591,O0349,P0472,1,4993.46,9.58
I00592,O0414,P0368,5,1625.92,49.01
I00593,O0253,P0464,3,4957.93,30.3
I00594,O0421,P0327,1,2832.99,43.5
I00595,O0088,P0283,5,1437.01,36.94
I00596,O0034,P0302,5,984.9,3.25
I00597,O0439,P0117,3,6178.92,36.44
I00598,O0348,P0012,3,6944.46,34.65
I00599,O0349,P0287,5,6193.4,0.1
I00600,O0483,P0333,4,457.85,46.94
I00601,O0209,P0141,4,939.85,25.91
I00602,O0389,P0023,4,6198.24,11.23
I00603,O0273,P0230,3,2282.07,19.59
I00604,O0293,P0414,3,275.07,36.87
I00605,O0470,P0128,4,1458.45,16.46
I00606,O0050,P0015,1,3411.77,40.4
I00607,O0479,P0172,5,5899.5,12.36
I00608,O0175,P0427,4,475.59,16.68
I00609,O0398,P0308,2,4375.01,38.2
I00610,O0044,P0499,4,518.74,1.67
I00611,O0356,P0034,3,5500.26,3.1
I00612,O0313,P0321,4,3079.69,5.09
I00613,O0151,P0436,1,2732.04,4.79
I00614,O0307,P0404,4,4652.1,0.53
I00615,O0220,P0451,4,4379.45,5.06
I00616,O0169,P0301,1,1428.12,5.13
I00617,O0304,P0405,5,5901.38,45.22
I00618,O0132,P0182,2,3004.95,36.23
I00619,O0071,P0409,4,404.09,6.38
I00620,O0492,P0334,5,5305.18,15.56
I00621,O0076,P0241,5,2229.85,17.15
I00622,O0266,P0301,3,4637.97,7.23
I00623,O0428,P0287,2,6025.05,21.1
I00624,O0328,P0466,2,1488.7,3.42
I00625,O0356,P0355,2,6875.27,29.99
I00626,O0290,P0494,3,2416.06,14.98
I00627,O0233,P0449,3,5545.42,2.11
I00628,O0328,P0115,2,4883.22,23.33
I00629,O0377,P0394,2,6672.86,16.58
I00630,O0095,P0423,4,6930.16,18.14
I00631,O0285,P0059,1,1082.57,22.02
I00632,O0185,P0023,5,6829.63,9.96
I00633,O0454,P0135,3,5059.97,16.99
I00634,O0101,P0012,5,1314.93,13.09
I00635,O0347,P0071,-1,2714.57,39.37
I00636,O0108,P0157,1,3247.81,18.48
I00637,O0482,P0270,3,6842.0,49.88
I00638,O0034,P0061,4,1096.58,46.21
I00639,O0194,P0356,2,2682.36,29.98
I00640,O0391,P0316,2,4152.55,42.72
I00641,O0168,P0127,3,467.49,39.78
I00642,O0496,P0300,2,6212.26,10.46
I00643,O0405,P0340,1,4342.72,8.37
I00644,O0331,P0385,4,3613.19,24.93
I00645,O0365,P0192,4,3725.78,24.16
I00646,O0298,P0206,4,4502.93,39.53
I00647,O0459,P0104,1,3219.35,11.72
I00648,O0456,P0194,2,4042.46,46.77
I00649,O0044,P0069,3,5286.2,14.75
I00650,O0299,P0022,5,3310.25,31.06
I00651,O0222,P0210,4,2635.83,24.88
I00652,O0092,P0227,3,1713.15,32.27
I00653,O0151,P0432,3,3562.18,27.33
I00654,O0475,P0117,1,779.02,3.57
I00655,O0171,P0101,1,4758.24,12.5
I00656,O0310,P0071,3,6989.0,37.62
I00657,O0005,P0395,5,2166.37,41.12
I00658,O0421,P0297,4,5328.86,0.59
I00659,O0488,P0077,5,6071.72,11.38
I00660,O0265,P0301,2,5523.23,37.88
I00661,O0044,P0161,4,5936.03,21.44
I00662,O0231,P0437,4,3953.28,18.74
I00663,O0157,P0483,5,5190.85,24.99
I00664,O0215,P0218,3,4831.76,20.17
I00665,O0301,P0012,5,4016.28,1.61
I00666,O0488,P0170,2,4020.52,39.96
I00667,O0201,P0196,5,1509.01,19.53
I00668,O0244,P0056,5,2369.01,48.1
I00669,O0054,P0346,3,3915.06,1.6
I00670,O0096,P0102,5,579.49,48.15
I00671,O0150,P0338,3,3718.33,22.73
I00672,O0088,P0168,3,6031.98,20.54
I00673,O0067,P0275,2,2987.05,37.16
I00674,O0444,P0106,4,996.53,10.28
I00675,O0341,P0244,4,1195.59,28.75
I00676,O0258,P0367,3,4825.37,13.77
I00677,O0229,P0033,1,5789.62,30.24
I00678,O0467,P0292,2,6166.75,23.01
I00679,O0047,P0148,5,4559.46,45.94
I00680,O0365,P0406,3,2152.4,30.65
I00681,O0092,P0461,2,4362.38,21.6
I00682,O0094,P0358,4,4023.45,19.68
I00683,O0446,P0081,1,1989.06,31.4
I00684,O0035,P0358,3,5113.11,45.11
I00685,O0391,P0284,4,936.49,18.44
I00686,O0400,P0167,1,2929.66,8.24
I00687,O0237,P0014,2,605.05,34.72
I00688,O0382,P0205,4,6004.83,19.83
I00689,O0364,P0470,1,1041.72,33.51
I00690,O0035,P0043,4,3884.16,12.11
I00691,O0421,P0143,4,5906.78,8.53
I00692,O0091,P0151,1,956.64,37.07
I00693,O0391,P0006,2,4773.94,7.67
I00694,O0366,P0018,3,6259.55,26.61
I00695,O0429,P0326,4,5699.43,32.05
I00696,O0158,P0228,1,461.67,0.23
I00697,O0476,P0128,4,2685.05,11.93
I00698,O0015,P0008,-1,2426.1,9.61
I00699,O0452,P0050,1,5598.78,41.52
I00700,O0023,P0213,2,3636.25,40.78
I00701,O0098,P0320,3,1529.12,27.09
I00702,O0110,P0055,4,2560.38,8.68
I00703,O0007,P0200,4,1568.1,11.0
I00704,O0189,P0023,3,564.59,10.93
I00705,O0256,P0053,3,5016.46,39.56
I00706,O0492,P0049,5,4239.08,49.07
I00707,O0498,P0395,4,4886.67,16.6
I00708,O0342,P0247,3,565.84,0.88
I00709,O0262,P0328,5,5218.52,25.17
I00710,O0316,P0389,1,6287.78,15.44
I00711,O0318,P0041,4,513.47,18.73
I00712,O0193,P0105,3,4530.07,11.9
I00713,O0228,P0379,5,6153.59,6.71
I00714,O0390,P0021,3,3694.02,48.88
I00715,O0118,P0434,3,5156.82,17.14
I00716,O0465,P0470,2,4688.54,12.42
I00717,O0196,P0267,2,2319.3,22.12
I00718,O0252,P0036,1,6680.26,2.61
I00719,O0065,P0047,2,1298.36,27.44
I00720,O0041,P0219,2,5102.42,15.57
I00721,O0091,P0311,2,1817.89,14.27
I00722,O0104,P0140,4,6050.74,24.06
I00723,O0086,P0242,3,3145.49,25.26
I00724,O0420,P0489,4,5575.55,0.99
I00725,O0043,P0389,4,6354.55,15.01
I00726,O0373,P0090,5,1875.31,23.18
I00727,O0288,P0311,4,3417.83,16.66
I00728,O0470,P0098,4,128.85,43.08
I00729,O0474,P0213,3,6587.97,48.52
I00730,O0158,P0329,3,6913.9,3.56
I00731,O0064,P0198,1,6531.69,8.12
I00732,O0395,P0468,4,5285.88,17.43
I00733,O0189,P0357,4,498.16,19.27
I00734,O0125,P0245,4,338.1,40.66
I00735,O0331,P0076,1,1903.18,22.77
I00736,O0309,P0297,2,6667.27,42.08
I00737,O0048,P0330,1,5010.11,19.22
I00738,O0042,P0266,5,6378.65,43.8
I00739,O0130,P0355,2,2185.32,48.38
I00740,O0376,P0211,4,5291.99,46.22
I00741,O0294,P0398,1,5602.98,40.71
I00742,O0477,P0384,3,2845.99,15.41
I00743,O0001,P0050,2,581.91,34.82
I00744,O0148,P0376,5,3073.55,8.82
I00745,O0102,P0250,2,1355.69,47.42
I00746,O0109,P0096,4,1486.49,37.5
I00747,O0462,P0447,2,2920.67,31.34
I00748,O0326,P0086,5,650.69,4.29
I00749,O0176,P0016,1,4140.96,23.89
I00750,O0137,P0385,-1,6690.97,33.27
I00751,O0268,P0406,1,150.11,30.15
I00752,O0243,P0388,3,2425.51,21.47
I00753,O0176,P0162,3,5736.25,47.05
I00754,O0030,P0500,4,2556.6,16.51
I00755,O0446,P0358,-1,2872.48,41.77
I00756,O0063,P0445,-2,3761.34,47.55
I00757,O0317,P0352,2,4646.25,23.76
I00758,O0002,P0327,4,6707.08,40.63
I00759,O0448,P0024,1,6790.22,36.79
I00760,O0249,P0205,4,5200.51,39.7
I00761,O0477,P0483,3,6522.83,49.34
I00762,O0151,P0311,1,1446.03,7.16
I00763,O0402,P0439,5,5044.99,1.59
I00764,O0155,P0427,4,4744.13,27.44
I00765,O0229,P0489,4,898.18,33.13
I00766,O0088,P0386,2,6615.05,35.0
I00767,O0367,P0015,1,1205.62,46.45
I00768,O0113,P0369,4,1877.64,23.82
I00769,O0473,P0274,1,4471.48,24.6
I00770,O0478,P0295,3,5387.73,30.03
I00771,O0368,P0381,3,5178.42,19.08
I00772,O0224,P0414,5,1710.24,12.95
I00773,O0046,P0175,3,5210.01,46.86
I00774,O0066,P0437,1,2262.27,19.01
I00775,O0303,P0275,1,1410.02,19.41
I00776,O0187,P0409,4,4787.18,39.83
I00777,O0303,P0114,5,835.44,0.46
I00778,O0418,P0483,4,2148.08,10.95
I00779,O0146,P0075,4,5254.71,42.46
I00780,O0159,P0258,1,6933.31,6.17
I00781,O0425,P0111,5,3515.68,35.21
I00782,O0415,P0171,4,1153.65,35.84
I00783,O0027,P0473,2,6071.48,8.95
I00784,O0154,P0418,4,4648.83,42.43
I00785,O0173,P0217,1,4777.5,49.52
I00786,O0271,P0373,4,2052.98,34.82
I00787,O0281,P0202,2,771.51,16.17
I00788,O0028,P0436,5,6548.57,15.2
I00789,O0227,P0357,2,3428.85,44.86
I00790,O0384,P0101,2,5173.7,0.46
I00791,O0403,P0440,5,1118.48,47.52
I00792,O0087,P0475,4,488.69,17.78
I00793,O0027,P0061,4,6863.91,32.5
I00794,O0077,P0322,5,5085.6,12.25
I00795,O0251,P0155,1,4847.09,47.73
I00796,O0408,P0344,4,4643.78,38.89
I00797,O0335,P0228,4,2634.53,6.0
I00798,O0329,P0343,1,6368.5,11.25
I00799,O0294,P0246,5,1988.7,37.27
I00800,O0248,P0331,5,4948.89,14.92
I00801,O0033,P0366,2,6371.28,39.76
I00802,O0359,P0011,2,2817.2,40.87
I00803,O0266,P0429,5,4134.58,35.69
I00804,O0107,P0495,1,4644.22,5.87
I00805,O0003,P0285,5,3185.91,15.71
I00806,O0106,P0335,1,1212.35,28.12
I00807,O0064,P0260,1,2160.19,48.31
I00808,O0484,P0337,2,100.59,15.03
I00809,O0151,P0338,5,3785.31,6.99
I00810,O0268,P0467,4,6903.53,17.61
I00811,O0353,P0051,5,4672.06,2.24
I00812,O0154,P0439,1,5845.13,47.87
I00813,O0303,P0184,5,2014.03,36.46
I00814,O0131,P0134,4,2734.3,45.18
I00815,O0484,P0131,4,4768.03,47.01
I00816,O0037,P0323,2,5155.46,49.77
I00817,O0289,P0337,2,4569.62,25.57
I00818,O0079,P0162,2,6947.9,21.68
I00819,O0127,P0040,1,1963.86,26.57
I00820,O0169,P0328,5,713.92,45.46
I00821,O0409,P0116,3,1988.16,4.9
I00822,O0054,P0401,2,6486.89,8.79
I00823,O0414,P0251,3,759.23,17.45
I00824,O0283,P0139,5,4291.52,44.83
I00825,O0385,P0200,2,1346.64,40.3
I00826,O0452,P0436,5,2878.29,29.62
I00827,O0263,P0366,-3,1172.89,6.32
I00828,O0137,P0028,4,6437.25,31.96
I00829,O0128,P0348,3,4300.05,35.34
I00830,O0182,P0409,2,3333.79,14.34
I00831,O0368,P0452,4,6474.3,11.44
I00832,O0209,P0395,1,2257.88,4.51
I00833,O0123,P0484,1,746.07,28.77
I00834,O0284,P0476,1,3500.67,43.72
I00835,O0478,P0375,4,1041.36,24.89
I00836,O0208,P0008,5,4352.38,45.54
I00837,O0360,P0274,1,5272.71,12.21
I00838,O0022,P0311,5,3195.7,8.43
I00839,O0090,P0039,5,2632.65,6.67
I00840,O0217,P0254,3,2715.75,18.66
I00841,O0348,P0128,1,5838.91,42.54
I00842,O0248,P0151,1,1926.78,0.11
I00843,O0473,P0157,5,6510.85,47.96
I00844,O0019,P0479,5,3295.09,30.89
I00845,O0004,P0316,4,3276.44,14.92
I00846,O0456,P0370,-1,1384.49,17.73
I00847,O0102,P0044,1,3750.77,44.93
I00848,O0250,P0004,4,1173.85,32.83
I00849,O0192,P0154,2,2615.02,44.61
I00850,O0056,P0225,5,4628.33,21.97
I00851,O0223,P0003,2,2578.73,43.53
I00852,O0146,P0021,2,1022.39,21.05
I00853,O0083,P0342,3,1473.04,23.96
I00854,O0251,P0282,3,3519.42,34.09
I00855,O0392,P0400,2,6184.19,25.09
I00856,O0491,P0056,4,5569.72,6.31
I00857,O0393,P0351,3,1731.88,33.92
I00858,O0306,P0378,3,155.4,24.01
I00859,O0390,P0220,3,1809.46,7.62
I00860,O0144,P0393,5,893.64,13.18
I00861,O0220,P0102,2,3369.86,39.14
I00862,O0258,P0313,1,1350.2,49.63
I00863,O0077,P0118,5,931.18,20.06
I00864,O0476,P0075,3,3041.49,30.82
I00865,O0195,P0209,1,3722.3,35.01
I00866,O0219,P0246,2,523.31,21.35
I00867,O0138,P0187,1,2035.84,17.55
I00868,O0459,P0025,4,1354.09,0.03
I00869,O0242,P0144,3,6368.53,5.04
I00870,O0252,P0187,2,2406.55,5.58
I00871,O0395,P0442,1,999.13,18.03
I00872,O0302,P0271,3,4272.53,11.91
I00873,O0197,P0045,3,6221.64,6.52
I00874,O0301,P0496,5,6394.02,32.72
I00875,O0229,P0474,2,780.6,47.09
I00876,O0372,P0243,5,6928.55,10.1
I00877,O0099,P0215,2,3898.42,12.63
I00878,O0459,P0188,5,3194.53,35.87
I00879,O0215,P0269,4,6526.19,25.19
I00880,O0141,P0357,1,6775.66,14.48
I00881,O0498,P0356,5,1412.32,40.73
I00882,O0446,P0263,4,6803.62,8.28
I00883,O0400,P0200,5,2865.86,13.57
I00884,O0293,P0112,-2,4185.58,0.44
I00885,O0363,P0369,5,3723.01,15.17
I00886,O0138,P0283,2,921.81,11.2
I00887,O0021,P0328,5,1122.16,44.18
I00888,O0405,P0027,2,4532.65,12.45
I00889,O0001,P0333,2,2497.49,30.26
I00890,O0485,P0362,3,6199.51,13.2
I00891,O0314,P0151,2,2339.98,2.86
I00892,O0113,P0375,1,6760.07,8.84
I00893,O0445,P0399,1,6579.22,29.16
I00894,O0132,P0446,4,4420.98,30.22
I00895,O0113,P0167,2,1954.68,29.08
I00896,O0119,P0374,4,5111.37,18.43
I00897,O0093,P0236,4,1376.69,43.12
I00898,O0483,P0374,2,1344.81,14.1
I00899,O0091,P0419,3,2819.96,30.39
I00900,O0219,P0126,1,3239.67,32.26
I00901,O0270,P0071,4,5114.68,40.4
I00902,O0197,P0011,5,859.25,0.68
I00903,O0395,P0043,1,1946.83,46.93
I00904,O0495,P0005,-5,6707.56,5.32
I00905,O0044,P0104,3,1060.69,37.98
I00906,O0158,P0170,4,3404.47,12.19
I00907,O0322,P0279,5,949.22,41.25
I00908,O0053,P0262,1,6216.55,20.76
I00909,O0013,P0117,1,3047.23,7.37
I00910,O0451,P0351,3,2754.73,44.21
I00911,O0057,P0115,1,801.98,47.79
I00912,O0171,P0061,3,2587.41,46.24
I00913,O0310,P0078,1,1328.67,26.52
I00914,O0218,P0077,5,6262.51,34.36
I00915,O0179,P0449,5,817.07,45.81
I00916,O0416,P0465,3,5008.02,3.82
I00917,O0077,P0399,1,4625.39,16.01
I00918,O0408,P0403,4,6836.74,40.73
I00919,O0492,P0373,1,2021.49,4.52
I00920,O0198,P0181,2,2303.28,21.19
I00921,O0326,P0171,4,1053.73,47.2
I00922,O0282,P0255,2,3817.36,24.63
I00923,O0197,P0043,5,4108.65,21.09
I00924,O0416,P0384,5,1613.4,4.36
I00925,O0436,P0009,-3,2600.55,23.7
I00926,O0031,P0467,2,2510.5,42.44
I00927,O0074,P0428,2,5987.85,48.59
I00928,O0424,P0115,4,485.47,6.89
I00929,O0014,P0357,2,6757.9,18.58
I00930,O0038,P0245,1,5878.32,43.52
I00931,O0073,P0041,1,1790.82,0.62
I00932,O0094,P0241,4,5230.55,37.41
I00933,O0370,P0173,3,3163.42,32.24
I00934,O0080,P0031,1,6179.98,1.61
I00935,O0006,P0203,2,5845.49,34.0
I00936,O0425,P0133,4,6442.14,25.09
I00937,O0081,P0140,2,6814.54,26.08
I00938,O0206,P0317,2,486.38,19.61
I00939,O0040,P0419,5,4877.74,23.87
I00940,O0085,P0028,4,5643.04,32.33
I00941,O0054,P0040,2,2602.64,38.94
I00942,O0145,P0084,-3,3836.82,3.27
I00943,O0466,P0159,-5,1395.43,10.09
I00944,O0044,P0292,1,3997.1,28.19
I00945,O0162,P0048,4,6610.21,0.42
I00946,O0491,P0204,3,3551.49,15.72
I00947,O0499,P0067,4,4948.33,4.87
I00948,O0258,P0052,4,3565.02,38.75
I00949,O0196,P0245,1,4145.87,42.6
I00950,O0350,P0238,3,643.39,31.3
I00951,O0414,P0349,2,4614.12,38.44
I00952,O0257,P0265,2,6946.72,30.44
I00953,O0175,P0230,5,5518.93,16.95
I00954,O0482,P0221,3,376.09,35.64
I00955,O0313,P0311,4,617.49,7.62
I00956,O0008,P0074,4,5387.59,15.48
I00957,O0233,P0161,1,1271.05,14.78
I00958,O0187,P0181,1,715.68,8.96
I00959,O0243,P0132,4,5365.71,22.1
I00960,O0498,P0292,2,3468.99,18.17
I00961,O0439,P0318,3,6428.27,6.45
I00962,O0320,P0488,3,2264.15,4.17
I00963,O0135,P0450,4,6141.2,34.13
I00964,O0030,P0380,5,5555.08,34.99
I00965,O0437,P0054,-5,2105.56,7.91
I00966,O0115,P0199,4,6131.7,33.46
I00967,O0329,P0274,3,6310.87,23.24
I00968,O0056,P0470,1,6720.88,19.85
I00969,O0169,P0034,4,2289.27,49.82
I00970,O0380,P0244,4,888.85,22.73
I00971,O0241,P0075,5,4517.49,16.01
I00972,O0397,P0195,1,530.56,40.43
I00973,O0110,P0028,4,1559.3,1.15
I00974,O0326,P0091,4,676.78,3.46
I00975,O0448,P0365,4,3214.8,20.99
I00976,O0133,P0095,2,5830.79,4.62
I00977,O0386,P0153,4,1235.28,17.46
I00978,O0275,P0353,4,5508.62,48.28
I00979,O0355,P0293,4,2785.05,0.5
I00980,O0371,P0342,5,4091.58,7.23
I00981,O0460,P0235,-3,6543.35,24.97
I00982,O0497,P0346,3,2904.07,26.03
I00983,O0483,P0427,1,6015.14,31.71
I00984,O0112,P0382,5,6855.32,21.01
I00985,O0308,P0194,5,1591.35,10.49
I00986,O0296,P0490,2,199.16,40.69
I00987,O0158,P0258,1,5751.46,6.24
I00988,O0234,P0212,4,2931.67,17.61
I00989,O0499,P0392,5,2417.2,46.32
I00990,O0091,P0284,4,4204.75,27.14
I00991,O0338,P0353,4,4793.94,31.71
I00992,O0464,P0439,5,784.65,4.38
I00993,O0009,P0316,1,6534.23,5.18
I00994,O0052,P0325,5,3164.31,29.06
I00995,O0437,P0216,1,1561.91,38.84
I00996,O0101,P0439,5,3340.06,6.22
I00997,O0421,P0331,4,4956.46,37.06
I00998,O0401,P0115,1,3602.17,13.38
I00999,O0463,P0408,3,6374.43,33.67
I01000,O0213,P0017,1,207.16,7.67
