product_a,product_b,times_bought_together
Laptop National,Jacket Then,2
Keyboard Off,Sofa Other,2
Keyboard Action,Keyboard Country,1
Headphones Recognize,Headphones Over,1
Headphones Recognize,Jacket Care,1
Headphones Recognize,Shoes After,1
Headphones Recognize,Jacket Then,1
Headphones Recognize,Shirt Writer,1
Headphones Recognize,Sofa Necessary,1
Headphones Recognize,Table Both,1
Headphones Recognize,Lamp Summer,1
Headphones Recognize,Comics Summer,1
Monitor Thus,Monitor Sign,1
Monitor Thus,Comics Summer,1
Laptop Sure,Chair How,1
Laptop Sure,Lamp Hospital,1
Headphones Positive,Sofa Accept,1
Monitor Return,Table Security,1
Monitor Return,Mixer Country,1
Monitor Return,Novel Defense,1
Monitor Return,Dictionary Day,1
Laptop Company,Keyboard Less,1
Laptop Company,Shoes Arrive,1
Laptop Company,T-Shirt Compare,1
Laptop Company,Lamp If,1
Laptop Company,Comics Near,1
Laptop Company,Comics Summer,1
Laptop Company,Dictionary Baby,1
Headphones My,Headphones Manager,1
Headphones My,Headphones Look,1
Headphones My,Phone Water,1
Headphones My,Keyboard Whatever,1
Headphones My,Monitor Into,1
Headphones My,Shoes Much,1
Headphones My,Shoes Pick,1
Headphones My,Novel Ten,1
Headphones My,Science Book Often,1
Phone Challenge,Phone Series,1
Phone Challenge,Jacket Animal,1
Phone Challenge,Shoes Federal,1
Phone Challenge,Jeans Pass,1
Phone Challenge,Lamp Industry,1
Phone Challenge,Comics Peace,1
Phone Challenge,Novel Happen,1
Phone Challenge,Dictionary Discussion,1
Phone Like,Mixer Center,1
Phone Like,Comics Summer,1
Monitor Collection,Keyboard Less,1
Monitor Collection,Comics Mrs,1
Monitor Collection,Comics Ahead,1
Keyboard Country,Shoes Center,1
Keyboard Country,T-Shirt Market,1
Keyboard Country,T-Shirt Return,1
Keyboard Country,Shoes Kitchen,1
Keyboard Country,Biography Few,1
Keyboard Country,Novel Push,1
Keyboard Country,Science Book Pass,1
Headphones Others,Jeans Professional,1
Headphones Others,T-Shirt Market,1
Headphones Others,Comics Wonder,1
Monitor Others,Jacket Understand,1
Phone Receive,Laptop Each,1
Phone Receive,Headphones Play,1
Phone Receive,Jeans Admit,1
Headphones Child,Table Issue,1
Headphones Child,Comics Instead,1
Headphones Child,Novel Happen,1
Headphones Child,Biography But,1
Monitor Simply,Keyboard However,1
Monitor Simply,T-Shirt Speak,1
Monitor Simply,Shirt Step,1
Monitor Simply,Jeans Receive,1
Monitor Simply,Table Drug,1
Monitor Simply,Chair College,1
Monitor Simply,Novel Score,1
Monitor Simply,Novel Huge,1
Monitor Sign,Monitor Relate,1
Monitor Sign,Headphones Design,1
Monitor Sign,Headphones Property,1
Monitor Sign,Monitor Very,1
Monitor Sign,Shirt Performance,1
Monitor Sign,Jacket Soldier,1
Monitor Sign,Novel Edge,1
Monitor Sign,Biography Author,1
Headphones Member,Headphones Chair,1
Headphones Member,Shirt List,1
Headphones Member,Shoes Meet,1
Headphones Member,Mixer Benefit,1
Monitor Wrong,Headphones Play,1
Monitor Wrong,Jeans Admit,1
Monitor Wrong,Mixer Attack,1
Monitor Wrong,Lamp Politics,1
Monitor Wrong,Dictionary Represent,1
Laptop Her,Headphones High,1
Laptop Her,Shirt Authority,1
Laptop Her,Shirt Step,1
Laptop Her,Mixer Benefit,1
Headphones Amount,Sofa Real,1
Headphones Amount,Dictionary Young,1
Headphones Amount,Dictionary Who,1
Headphones Discuss,Laptop Item,1
Headphones Discuss,Shoes Writer,1
Headphones Discuss,T-Shirt Meet,1
Headphones Discuss,Lamp Difficult,1
Headphones Discuss,Mixer Benefit,1
Headphones Sort,Monitor Themselves,1
Headphones Sort,Laptop Measure,1
Headphones Sort,Jeans Couple,1
Headphones Sort,Jacket Case,1
Headphones Sort,Table Large,1
Headphones Sort,Lamp Issue,1
Headphones Sort,Mixer Participant,1
Headphones Sort,Novel Ten,1
Headphones Sort,Novel Along,1
Headphones Sort,Novel Each,1
Laptop Each,Headphones Play,1
Laptop Each,Jeans Admit,1
Laptop Each,Mixer Treat,1
Laptop Each,Science Book Word,1
Keyboard At,Shoes Image,1
Phone Hope,Headphones Strong,1
Phone Hope,Novel Huge,1
Phone Hope,Comics Meet,1
Headphones East,Lamp Land,1
Headphones East,Chair Certainly,1
Headphones East,Sofa Accept,1
Headphones East,Comics Team,1
Headphones East,Dictionary Level,1
Phone And,Keyboard Bank,1
Monitor Relate,Shirt Performance,1
Monitor Relate,Novel Edge,1
Headphones Design,Comics Picture,1
Headphones Design,Novel Continue,1
Laptop National,Shoes Federal,1
Laptop National,T-Shirt Return,1
Laptop National,Jeans Maybe,1
Laptop National,Sofa Base,1
Laptop National,Lamp Word,1
Laptop National,Lamp Institution,1
Headphones Strong,Headphones Performance,1
Headphones Strong,Jeans Page,1
Headphones Strong,Shoes American,1
Headphones Strong,Mixer Oil,1
Headphones Strong,Science Book Word,1
Headphones Strong,Novel Place,1
Headphones Strong,Novel Huge,1
Headphones Strong,Comics Meet,1
Headphones Herself,Keyboard However,1
Headphones Herself,Shoes Study,1
Headphones Herself,T-Shirt Speak,1
Headphones Herself,Table Old,1
Headphones Herself,Chair Improve,1
Headphones Herself,Mixer Benefit,1
Headphones Herself,Comics Operation,1
Headphones Herself,Comics Either,1
Headphones Manager,Headphones Look,1
Headphones Manager,Monitor Range,1
Headphones Manager,Phone Ready,1
Headphones Manager,Jeans Pass,1
Headphones Manager,Jacket Hospital,1
Headphones Manager,Jeans Save,1
Headphones Manager,Chair Certainly,1
Headphones Manager,Lamp Than,1
Headphones Manager,Science Book Often,1
Headphones Manager,Biography Factor,1
Headphones Manager,Dictionary Tax,1
Laptop Whose,Shoes Summer,1
Headphones Look,Headphones Eye,1
Headphones Look,Shoes Police,1
Headphones Look,Science Book Often,1
Headphones Any,Shoes Federal,1
Headphones Any,T-Shirt Where,1
Headphones Any,Jacket Hospital,1
Headphones Any,Mixer Environmental,1
Headphones Any,Lamp Clear,1
Headphones Any,Mixer Treat,1
Headphones Any,Chair Doctor,1
Laptop Among,Shirt Age,1
Laptop Among,Shirt Specific,1
Laptop Among,Comics Deep,1
Monitor Range,Jeans The,1
Monitor Range,Jeans Save,1
Monitor Range,Table Drug,1
Monitor Range,Lamp If,1
Monitor Range,Biography Factor,1
Monitor Range,Dictionary Tax,1
Keyboard Game,Jeans Term,1
Keyboard Game,Mixer Last,1
Keyboard Game,Lamp Small,1
Keyboard Game,Science Book Operation,1
Keyboard Board,Keyboard Technology,1
Keyboard Board,Shoes Pick,1
Keyboard Board,Shirt Specific,1
Keyboard Board,Mixer Early,1
Keyboard Board,Lamp Than,1
Keyboard Board,Comics Near,1
Keyboard Board,Dictionary Day,1
Keyboard Board,Biography Speech,1
Phone Score,Sofa Onto,1
Phone Score,Chair Doctor,1
Phone Score,Novel Fact,1
Monitor Near,Monitor Service,1
Monitor Near,Shoes Win,1
Monitor Near,Jacket Case,1
Monitor Near,Table Accept,1
Monitor Near,Table Security,1
Monitor Near,Sofa Every,1
Monitor Near,Comics Summer,1
Headphones Property,Monitor Very,1
Headphones Property,Jacket Soldier,1
Headphones Property,Biography Author,1
Headphones Eye,Shoes Policy,1
Headphones Eye,Shoes Police,1
Headphones Eye,Comics Paper,1
Keyboard They,Jacket Into,1
Keyboard They,Mixer One,1
Keyboard They,Chair Certainly,1
Keyboard They,Comics Grow,1
Keyboard They,Biography Evening,1
Laptop Everyone,Phone People,1
Keyboard Off,Keyboard However,1
Keyboard Off,Laptop Us,1
Keyboard Off,Keyboard Citizen,1
Keyboard Off,Shoes Study,1
Keyboard Off,Jacket Most,1
Keyboard Off,Shirt Two,1
Keyboard Off,Jacket Hard,1
Keyboard Off,Mixer Attack,1
Keyboard Off,Biography Investment,1
Keyboard Off,Dictionary Level,1
Headphones Over,Keyboard Bank,1
Headphones Over,Shoes After,1
Headphones Over,Shirt Writer,1
Headphones Over,Sofa Reach,1
Headphones Over,Sofa Everyone,1
Headphones Over,Lamp Institution,1
Headphones Over,Novel Along,1
Headphones Over,Biography Rule,1
Keyboard Contain,Mixer Current,1
Keyboard However,Shirt Person,1
Keyboard However,Novel Also,1
Phone Ready,Table Same,1
Phone Ready,Lamp Institution,1
Phone Ready,Lamp Word,1
Phone History,Monitor More,1
Phone History,Dictionary To,1
Phone History,Novel Score,1
Phone People,Mixer Environment,1
Phone People,Comics Training,1
Phone Ready,Headphones High,1
Phone Ready,Shoes Policy,1
Phone Ready,T-Shirt Speak,1
Phone Ready,Table Both,1
Phone Ready,Chair Certainly,1
Phone Ready,Comics Drug,1
Phone Water,Keyboard Whatever,1
Phone Water,Monitor Into,1
Phone Water,Shoes Much,1
Phone Water,Novel Ten,1
Headphones Thing,Monitor Name,1
Headphones Thing,Jeans Player,1
Headphones Thing,Sofa Space,1
Headphones Thing,Mixer Environment,1
Headphones Thing,Table Provide,1
Keyboard Bank,Sofa Everyone,1
Monitor Nation,T-Shirt Plan,1
Monitor Nation,Chair North,1
Monitor Nation,Sofa Onto,1
Monitor Nation,Lamp Difficult,1
Laptop Enter,T-Shirt Next,1
Laptop Enter,Sofa Receive,1
Laptop Enter,Dictionary Seek,1
Laptop Enter,Dictionary Art,1
Laptop Enter,Comics National,1
Keyboard However,Keyboard Coach,1
Keyboard However,Jacket Animal,1
Keyboard However,Jacket Meet,1
Keyboard However,Sofa Other,1
Keyboard However,Sofa Onto,1
Keyboard However,Mixer Benefit,1
Keyboard However,Mixer Attack,1
Keyboard However,Comics Operation,1
Keyboard However,Comics Either,1
Keyboard Whatever,Monitor Into,1
Keyboard Whatever,Keyboard Structure,1
Keyboard Whatever,Phone Series,1
Keyboard Whatever,Keyboard Republican,1
Keyboard Whatever,Shoes Much,1
Keyboard Whatever,Lamp History,1
Keyboard Whatever,Novel Ten,1
Keyboard Whatever,Dictionary Watch,1
Laptop Dog,Shirt Choice,1
Laptop Dog,Jeans Character,1
Laptop Dog,Shirt Tend,1
Laptop Dog,Jacket Understand,1
Laptop Dog,Jacket Animal,1
Laptop Dog,Mixer Population,1
Laptop Dog,Lamp Small,1
Laptop Dog,Lamp Ground,1
Laptop Dog,Table Provide,1
Laptop Dog,Dictionary Name,1
Monitor Name,Sofa Space,1
Monitor Into,Shoes Much,1
Monitor Into,Novel Ten,1
Keyboard Head,Mixer Behavior,1
Keyboard Technology,Phone Build,1
Keyboard Technology,Mixer Early,1
Keyboard Technology,Table Federal,1
Keyboard Technology,Lamp Than,1
Laptop Message,Science Book Word,1
Laptop Message,Novel Also,1
Keyboard Structure,Phone Series,1
Keyboard Structure,T-Shirt Receive,1
Keyboard Structure,Chair Staff,1
Monitor Meet,Laptop Us,1
Monitor Meet,Shoes Study,1
Monitor Very,Jacket Soldier,1
Monitor Very,Biography Author,1
Headphones According,Phone Radio,1
Headphones According,Novel Each,1
Monitor More,Mixer Food,1
Monitor More,Lamp Ground,1
Monitor More,Dictionary To,1
Monitor More,Dictionary Step,1
Monitor More,Novel Since,1
Monitor More,Novel Score,1
Monitor More,Dictionary Who,1
Monitor More,Comics Drug,1
Laptop Us,Shoes Study,1
Laptop Us,Jacket Hard,1
Laptop Us,Sofa Other,1
Laptop Us,Table Old,1
Laptop Us,Mixer Behavior,1
Headphones Chair,Mixer Benefit,1
Keyboard Less,Comics Near,1
Keyboard Less,Comics Summer,1
Keyboard Less,Dictionary Baby,1
Keyboard Less,Comics Ahead,1
Laptop Company,T-Shirt Music,1
Laptop Company,Jacket Necessary,1
Monitor Drug,T-Shirt Court,1
Monitor Drug,Shoes Image,1
Headphones Ball,Mixer Environment,1
Monitor Question,Jacket Animal,1
Monitor Question,Shirt Person,1
Keyboard Fast,Shoes Conference,1
Keyboard Fast,T-Shirt Big,1
Keyboard Fast,Lamp Under,1
Keyboard Fast,Mixer Environment,1
Keyboard Fast,Sofa Plan,1
Keyboard Citizen,Headphones These,1
Keyboard Culture,T-Shirt Receive,1
Keyboard Culture,Jacket Cost,1
Keyboard Culture,Jeans Better,1
Keyboard Culture,Shoes Watch,1
Keyboard Culture,Lamp Under,1
Keyboard Culture,Lamp Participant,1
Keyboard Culture,Lamp Area,1
Keyboard Culture,Novel Every,1
Keyboard Coach,Jacket Animal,1
Keyboard Coach,Jacket Meet,1
Keyboard Coach,Sofa Onto,1
Headphones High,Shoes Policy,1
Headphones High,T-Shirt Speak,1
Headphones High,Shirt Authority,1
Headphones High,Table Both,1
Headphones High,Mixer Benefit,1
Headphones High,Comics Drug,1
Headphones Play,Jeans Admit,1
Headphones Play,Shoes Watch,1
Headphones Play,Mixer Attack,1
Phone Series,Shoes Win,1
Phone Series,Comics Peace,1
Phone Series,Novel Happen,1
Phone Series,Comics Grow,1
Phone Series,Dictionary Level,1
Laptop By,Table Accept,1
Laptop By,Lamp History,1
Laptop By,Comics Miss,1
Headphones Drug,Chair Improve,1
Keyboard Join,Shoes Center,1
Keyboard Join,Shoes American,1
Phone Talk,Science Book Coach,1
Phone Talk,Science Book Must,1
Laptop Give,Shoes Bed,1
Laptop Give,Lamp Hospital,1
Monitor Service,Jacket Care,1
Monitor Service,Jacket Organization,1
Monitor Service,Shoes Win,1
Monitor Service,Jacket Case,1
Monitor Service,Table Security,1
Monitor Service,Comics Miss,1
Phone Build,Jeans Couple,1
Phone Build,Jeans Term,1
Phone Build,Table Federal,1
Phone Build,Sofa Onto,1
Phone Build,Novel Ten,1
Phone Build,Novel Under,1
Keyboard Republican,Jacket Cost,1
Keyboard Republican,Shoes American,1
Keyboard Republican,Shoes Nearly,1
Keyboard Republican,T-Shirt Next,1
Keyboard Republican,Lamp History,1
Keyboard Republican,Mixer One,1
Keyboard Republican,Chair Learn,1
Keyboard Republican,Biography Police,1
Keyboard Republican,Dictionary Watch,1
Keyboard Republican,Novel Such,1
Laptop Measure,Jeans Couple,1
Laptop Measure,Mixer Participant,1
Laptop Measure,Novel Along,1
Phone Develop,Novel Defense,1
Headphones Performance,Science Book Word,1
Phone Radio,Novel Each,1
Laptop Item,Lamp Difficult,1
Laptop Item,Mixer Benefit,1
Shirt Age,T-Shirt Court,1
Shirt Age,Shirt Specific,1
Shirt Age,Chair Account,1
Shirt Age,Lamp Likely,1
Shirt Age,Sofa Plan,1
Shirt Age,Biography Evening,1
Jacket Animal,Shirt Person,1
Jacket Animal,Shoes Federal,1
Jacket Animal,Jacket Meet,1
Jacket Animal,Sofa Onto,1
Jacket Animal,Comics Peace,1
Jacket Care,Jacket Organization,1
Jacket Care,Jacket Then,1
Jacket Care,Sofa Necessary,1
Jacket Care,Comics Miss,1
Shirt Person,Lamp Scene,1
Shirt Person,Novel Also,1
Shoes College,Comics Miss,1
Shoes Center,T-Shirt Return,1
Shoes Center,T-Shirt Plan,1
Shoes Center,Shoes American,1
Shoes Center,Jeans Range,1
Shoes Center,Novel Push,1
Shoes Center,Science Book Pass,1
Shoes Center,Novel Note,1
Jeans Professional,Biography Factor,1
Jeans Professional,Comics Wonder,1
T-Shirt Music,Jacket Necessary,1
T-Shirt Music,Shoes Summer,1
T-Shirt Music,Lamp Small,1
T-Shirt Music,Novel Enough,1
Shirt Choice,Jeans Should,1
Shirt Choice,Jacket Animal,1
Shirt Choice,Mixer Even,1
Shirt Choice,Chair Learn,1
Shoes Arrive,T-Shirt Compare,1
Shoes Arrive,Shoes Buy,1
Shoes Arrive,Shoes Meet,1
Shoes Arrive,Jacket Case,1
Shoes Arrive,Shirt Their,1
Shoes Arrive,Table Provide,1
Shoes Arrive,Lamp If,1
Shoes Arrive,Science Book Operation,1
T-Shirt Compare,Chair Same,1
T-Shirt Compare,Lamp If,1
T-Shirt Compare,Comics Summer,1
T-Shirt Compare,Comics Grow,1
T-Shirt Evening,Jacket Your,1
T-Shirt Evening,Mixer Even,1
T-Shirt Evening,Table Accept,1
T-Shirt Evening,Novel Push,1
T-Shirt Evening,Dictionary Step,1
Jacket Win,Jacket Into,1
Jacket Win,Shoes Win,1
Jacket Win,Mixer Environment,1
Jacket Win,Sofa Simply,1
Jacket Win,Mixer Treat,1
Jacket Win,Sofa Receive,1
Jacket Win,Lamp Small,1
Jacket Win,Lamp Area,1
Jacket Win,Lamp Word,1
Jacket Win,Novel Since,1
Jacket Win,Novel Happen,1
Jacket Win,Dictionary Most,1
Jeans Couple,Mixer Participant,1
Jeans Couple,Novel Along,1
Jacket Nation,Lamp Land,1
Jacket Nation,Dictionary Authority,1
Jacket Into,Mixer Treat,1
Jacket Into,Lamp Area,1
Jacket Organization,T-Shirt Return,1
Jacket Organization,Lamp By,1
Jacket Organization,Comics Miss,1
Shoes After,Shirt Writer,1
Shirt Unit,Shoes Bed,1
Shirt Unit,Mixer Third,1
Shirt Unit,Chair How,1
Shirt Unit,Table Old,1
Shirt Unit,Sofa Receive,1
Shirt Unit,Chair Always,1
Shirt Unit,Comics Head,1
Shirt Unit,Novel Idea,1
Jeans Should,Mixer Even,1
Jeans Should,Chair Learn,1
Jeans Term,Jacket Stage,1
Jeans Term,Sofa Nature,1
Jeans Term,Sofa Onto,1
Jeans Term,Novel Ten,1
Jeans Term,Science Book Operation,1
Shoes Federal,Jacket Then,1
Shoes Federal,T-Shirt Return,1
Shoes Federal,Jeans Maybe,1
Shoes Federal,Chair Doctor,1
Shoes Federal,Lamp Word,1
Shoes Federal,Comics Peace,1
Jacket Your,Mixer Even,1
Jacket Your,Table Accept,1
Jacket Your,Lamp Meeting,1
Jacket Your,Novel Push,1
Shoes Bed,Chair How,1
Shoes Bed,Table Old,1
Shoes Bed,Lamp Hospital,1
Shoes Bed,Comics Head,1
Shirt Direction,Lamp Job,1
Shirt Direction,Mixer Oil,1
Shirt List,Shoes Meet,1
Shirt List,Lamp Under,1
Shirt List,Table Provide,1
Shirt List,Science Book Word,1
Shirt List,Biography National,1
Shirt List,Comics Wonder,1
Shoes Policy,T-Shirt Speak,1
Shoes Policy,Table Both,1
Shoes Policy,Comics Paper,1
Shoes Policy,Comics Drug,1
T-Shirt Market,Biography Few,1
T-Shirt Trip,Lamp Institution,1
Jacket Meet,Sofa Onto,1
Shoes Conference,Lamp Under,1
Shoes Conference,Mixer Environment,1
Shirt Discuss,Jacket Cost,1
Shirt Discuss,Table Same,1
Shirt Discuss,Table Federal,1
Jacket Then,T-Shirt Return,1
Jacket Then,Jeans Maybe,1
Jacket Then,Sofa Necessary,1
Jacket Then,Sofa Base,1
Jacket Then,Lamp Word,1
Jacket Then,Lamp Institution,1
T-Shirt Item,Sofa Account,1
T-Shirt Item,Comics Continue,1
T-Shirt Item,Novel Action,1
T-Shirt Item,Biography But,1
Jeans Character,Shoes Writer,1
Jeans Character,Table Large,1
Jeans Character,Mixer Top,1
Shoes Study,Jacket Most,1
Shoes Study,Jacket Suffer,1
Shoes Study,Dictionary Level,1
Shoes Study,Comics Either,1
Shirt Tend,Mixer Population,1
Shirt Tend,Lamp Step,1
Shirt Tend,Lamp Small,1
T-Shirt Speak,Shoes Shake,1
T-Shirt Speak,Chair Strategy,1
T-Shirt Speak,Table Both,1
T-Shirt Speak,Table Old,1
T-Shirt Speak,Table Drug,1
T-Shirt Speak,Chair College,1
T-Shirt Speak,Biography Staff,1
T-Shirt Speak,Novel Responsibility,1
T-Shirt Speak,Comics Drug,1
T-Shirt Court,Sofa Plan,1
T-Shirt Court,Biography Evening,1
T-Shirt Receive,Chair Staff,1
T-Shirt Receive,Novel Every,1
Shoes Much,Novel Ten,1
Jeans Everything,Jeans The,1
Jeans Everything,Shoes Writer,1
Jeans Everything,Lamp Institution,1
Jeans Everything,Comics Ahead,1
Shoes Shake,Chair Strategy,1
Shoes Shake,Novel Also,1
Shoes Shake,Comics Training,1
T-Shirt Rich,Novel Fact,1
T-Shirt Rich,Science Book Look,1
Shoes Win,Jacket Case,1
Shoes Win,Table Security,1
Shoes Win,Mixer Environment,1
Shoes Win,Sofa Simply,1
Shoes Win,Sofa Receive,1
Shoes Win,Dictionary Most,1
Shoes Win,Comics Grow,1
Shoes Win,Dictionary Level,1
Shoes Pick,Biography Speech,1
Shirt Performance,Sofa Account,1
Shirt Performance,Novel Edge,1
Shirt Authority,Mixer Benefit,1
Shoes Human,Lamp Issue,1
Shoes Human,Mixer Food,1
Shoes Human,Lamp Ground,1
Shoes Human,Chair Same,1
Shoes Image,Jacket Drop,1
Shoes Image,Mixer Check,1
Shoes Cause,Dictionary Possible,1
Jeans Admit,Lamp Politics,1
Jeans Admit,Dictionary Represent,1
Jacket Necessary,Lamp Describe,1
Jeans Trade,Shoes Buy,1
Jeans Trade,Sofa Base,1
T-Shirt Where,Mixer Environmental,1
T-Shirt Where,Table Guy,1
T-Shirt Where,Mixer Treat,1
T-Shirt Return,Jeans Maybe,1
T-Shirt Return,T-Shirt Meet,1
T-Shirt Return,Mixer Environment,1
T-Shirt Return,Mixer Benefit,1
T-Shirt Return,Lamp Word,1
T-Shirt Return,Novel Push,1
T-Shirt Return,Novel Along,1
T-Shirt Return,Science Book Pass,1
Jacket Kind,Jacket Stage,1
Jacket Kind,Table Someone,1
Jacket Kind,Mixer One,1
Jeans The,Comics Ahead,1
Shoes Citizen,Jacket Drop,1
Shoes Citizen,Chair North,1
T-Shirt Big,Mixer Benefit,1
T-Shirt Big,Sofa Plan,1
T-Shirt Big,Comics Summer,1
T-Shirt Big,Biography National,1
Jacket Cost,Jeans Better,1
Jacket Cost,T-Shirt Next,1
Jacket Cost,T-Shirt I,1
Jacket Cost,Table Same,1
Jacket Cost,Table Federal,1
Jacket Cost,Lamp Under,1
Jacket Cost,Chair Account,1
Jacket Cost,Table Issue,1
Jacket Cost,Novel Such,1
Jeans Maybe,Lamp Word,1
T-Shirt Plan,Jeans Range,1
T-Shirt Plan,Sofa Onto,1
T-Shirt Plan,Lamp Difficult,1
Jacket Understand,Shirt Lawyer,1
Jacket Understand,Table Provide,1
Jacket Understand,Biography But,1
Shirt Step,Sofa Reach,1
Shirt Step,Novel Score,1
Shirt Step,Novel Huge,1
Jacket Most,Jacket Drop,1
Jacket Most,Biography Into,1
Jacket Most,Dictionary Level,1
Jacket Soldier,Biography Author,1
Jacket Soldier,Dictionary Science,1
Shoes Buy,Jacket Case,1
Shoes Buy,Sofa Base,1
Jeans Better,Lamp Under,1
Jeans Better,Chair Always,1
Jeans Better,Science Book Word,1
Shoes Meet,Shirt Their,1
Shoes Meet,Table Provide,1
Shoes Meet,Dictionary Young,1
Jacket Case,Sofa Whatever,1
Jacket Case,Table Of,1
Jacket Case,Table Security,1
Jacket Case,Novel Each,1
Jeans Player,Mixer Environment,1
Shirt Notice,Mixer Country,1
Shirt Notice,Mixer Oil,1
Shirt Notice,Biography Few,1
Shirt Their,Table Provide,1
Shirt Their,Science Book Paper,1
Shoes Watch,Lamp Area,1
Shoes Watch,Novel Your,1
Shoes Writer,Table Large,1
Shoes Writer,Mixer Top,1
Shoes Writer,Lamp Institution,1
Jacket Stage,Sofa Nature,1
Jacket Stage,Table Someone,1
Jacket Stage,Mixer One,1
Jacket Stage,Chair Improve,1
Jacket Stage,Biography Factor,1
Shirt Resource,Shoes Kitchen,1
Shirt Resource,Jacket Animal,1
Shirt Resource,T-Shirt I,1
Shirt Resource,Jeans Perform,1
Shirt Resource,Novel Since,1
Shirt Resource,Dictionary Level,1
Jeans Range,Mixer Color,1
Jeans Range,Dictionary Possible,1
Jeans Range,Novel Note,1
Shirt Lawyer,Science Book Paper,1
Shirt Lawyer,Comics Property,1
Shoes Nearly,Chair Learn,1
Shoes Kitchen,Jeans Perform,1
Jacket Hospital,Lamp Clear,1
Shirt Two,Biography Investment,1
Jeans Save,Chair Account,1
Jeans Save,Sofa Plan,1
Jeans Save,Biography Factor,1
Jeans Save,Dictionary Tax,1
Jeans Save,Biography But,1
T-Shirt Next,Comics National,1
T-Shirt Next,Novel Such,1
Jacket Drop,Lamp Than,1
Jacket Drop,Mixer Check,1
Jacket Drop,Dictionary To,1
Jacket Drop,Biography Into,1
T-Shirt Meet,Mixer Environment,1
T-Shirt Meet,Mixer Benefit,1
T-Shirt Meet,Science Book Leg,1
Jacket Strategy,Table Federal,1
Shirt Specific,Comics Near,1
Shirt Specific,Dictionary Day,1
T-Shirt I,Chair Account,1
T-Shirt I,Table Issue,1
Jacket Hard,Sofa Other,1
Jeans Perform,Chair Billion,1
Chair Site,Table Accept,1
Chair Site,Mixer Return,1
Chair Site,Lamp Hospital,1
Sofa Whatever,Table Of,1
Mixer Third,Novel Idea,1
Table Same,Table Federal,1
Table Same,Lamp Institution,1
Table Same,Lamp Word,1
Table Large,Lamp Issue,1
Table Large,Mixer Top,1
Table Large,Novel Ten,1
Mixer Center,Science Book Word,1
Mixer Center,Comics Summer,1
Mixer Center,Novel Score,1
Mixer Environmental,Table Old,1
Mixer Environmental,Mixer Treat,1
Mixer Environmental,Biography Few,1
Mixer Early,Lamp Than,1
Lamp Under,Mixer Environment,1
Lamp Under,Science Book Word,1
Lamp Under,Comics Wonder,1
Lamp Issue,Mixer Food,1
Lamp Issue,Novel Ten,1
Lamp Issue,Dictionary Science,1
Mixer Even,Table Accept,1
Mixer Even,Mixer Color,1
Mixer Even,Chair Learn,1
Mixer Even,Novel Push,1
Table Accept,Lamp History,1
Table Accept,Mixer Stock,1
Table Accept,Mixer Return,1
Table Accept,Lamp Hospital,1
Table Accept,Novel Push,1
Table Accept,Comics Miss,1
Table Accept,Science Book A,1
Table Accept,Novel Every,1
Table Security,Mixer Country,1
Chair Account,Table Issue,1
Chair Account,Lamp Likely,1
Chair Account,Sofa Plan,1
Chair Account,Biography But,1
Lamp Participant,Lamp Describe,1
Sofa Necessary,Lamp Scene,1
Sofa Nature,Lamp Summer,1
Sofa Account,Sofa Real,1
Sofa Account,Chair Certainly,1
Sofa Account,Comics Continue,1
Sofa Account,Novel Action,1
Sofa Account,Biography But,1
Chair How,Table Old,1
Chair How,Lamp Hospital,1
Chair How,Comics Head,1
Sofa Real,Chair Certainly,1
Sofa Real,Dictionary Young,1
Sofa Real,Dictionary Who,1
Lamp Rise,Mixer Return,1
Lamp Rise,Biography Rule,1
Table Issue,Science Book Word,1
Table Issue,Novel Also,1
Table Issue,Comics Instead,1
Table Issue,Novel Happen,1
Table Issue,Biography But,1
Table Both,Lamp Clear,1
Table Both,Lamp Institution,1
Table Both,Lamp Summer,1
Table Both,Comics Summer,1
Table Both,Comics Drug,1
Sofa Reach,Lamp Institution,1
Sofa Reach,Biography Rule,1
Mixer Environment,Sofa Simply,1
Mixer Environment,Sofa Receive,1
Mixer Environment,Dictionary Most,1
Mixer Environment,Comics Training,1
Chair North,Mixer Environment,1
Chair North,Dictionary Who,1
Lamp Land,Chair Certainly,1
Lamp Land,Dictionary Authority,1
Lamp Land,Biography Factor,1
Sofa Other,Mixer Attack,1
Lamp History,Comics Miss,1
Lamp History,Dictionary Watch,1
Lamp History,Biography Author,1
Mixer Population,Lamp Small,1
Lamp Industry,Dictionary Discussion,1
Table Someone,Mixer One,1
Lamp Job,Mixer Oil,1
Table Old,Mixer Food,1
Table Old,Mixer Color,1
Table Old,Mixer Behavior,1
Table Old,Chair Always,1
Table Old,Comics Head,1
Table Old,Science Book Often,1
Table Old,Science Book Operation,1
Lamp Step,Sofa Simply,1
Sofa Onto,Lamp Difficult,1
Sofa Onto,Chair Doctor,1
Sofa Onto,Novel Ten,1
Sofa Onto,Novel Fact,1
Mixer Country,Biography Few,1
Mixer One,Biography Evening,1
Mixer Environment,Mixer Benefit,1
Mixer Environment,Lamp Word,1
Mixer Environment,Dictionary Who,1
Mixer Food,Dictionary Step,1
Mixer Food,Dictionary Who,1
Mixer Participant,Novel Along,1
Chair Staff,Dictionary Seek,1
Chair Staff,Novel Such,1
Sofa Season,Novel Condition,1
Sofa Simply,Sofa Receive,1
Sofa Simply,Dictionary Most,1
Chair Certainly,Comics Grow,1
Mixer Treat,Lamp Area,1
Mixer Treat,Science Book Word,1
Sofa Receive,Chair Improve,1
Sofa Receive,Chair Always,1
Sofa Receive,Dictionary Most,1
Lamp Small,Lamp Word,1
Lamp Small,Novel Since,1
Lamp Small,Novel Enough,1
Table Drug,Chair College,1
Table Drug,Lamp If,1
Mixer Color,Chair Always,1
Mixer Color,Dictionary Possible,1
Mixer Color,Science Book Often,1
Mixer Color,Science Book Operation,1
Mixer Color,Novel Note,1
Lamp Black,Mixer Attack,1
Lamp Difficult,Mixer Benefit,1
Lamp Difficult,Novel Happen,1
Lamp Institution,Mixer Suddenly,1
Lamp Institution,Lamp Word,1
Mixer Stock,Science Book A,1
Lamp Ground,Lamp Area,1
Lamp Ground,Dictionary Name,1
Lamp Ground,Comics Operation,1
Lamp Ground,Comics Drug,1
Mixer Oil,Novel Place,1
Chair Same,Comics Summer,1
Chair Same,Comics Grow,1
Mixer Return,Lamp Hospital,1
Mixer Return,Biography Rule,1
Lamp Area,Comics Mrs,1
Lamp Area,Dictionary Who,1
Lamp Area,Biography But,1
Lamp Area,Comics Drug,1
Chair Improve,Biography Factor,1
Table Provide,Biography National,1
Sofa Accept,Comics Team,1
Sofa Accept,Dictionary Level,1
Lamp Summer,Comics Summer,1
Mixer Benefit,Biography Staff,1
Mixer Benefit,Comics Summer,1
Mixer Benefit,Biography National,1
Mixer Benefit,Comics Operation,1
Mixer Benefit,Dictionary Order,1
Mixer Benefit,Comics Either,1
Mixer Benefit,Dictionary Science,1
Lamp Than,Dictionary To,1
Sofa Plan,Biography But,1
Sofa Plan,Biography Evening,1
Sofa Everyone,Biography Factor,1
Chair Doctor,Novel Fact,1
Sofa Base,Lamp Institution,1
Lamp Politics,Dictionary Represent,1
Chair Always,Science Book Word,1
Chair Always,Science Book Often,1
Chair Always,Science Book Operation,1
Lamp Word,Novel Since,1
Lamp Institution,Biography Rule,1
Lamp Institution,Dictionary Watch,1
Lamp Institution,Biography Evening,1
Dictionary Reality,Novel Continue,1
Comics Near,Comics Summer,1
Comics Near,Dictionary Day,1
Comics Near,Dictionary Baby,1
Dictionary Seek,Novel Such,1
Comics Picture,Novel Continue,1
Dictionary Young,Dictionary Who,1
Biography Staff,Biography Even,1
Biography Staff,Dictionary Order,1
Biography Staff,Novel Responsibility,1
Comics Continue,Novel Action,1
Comics Continue,Biography But,1
Comics Continue,Novel Magazine,1
Novel Push,Science Book Pass,1
Novel Action,Biography But,1
Dictionary To,Novel Score,1
Science Book Word,Novel Also,1
Science Book Word,Novel Score,1
Science Book Word,Comics Wonder,1
Comics Summer,Biography National,1
Comics Summer,Dictionary Baby,1
Comics Summer,Comics Grow,1
Dictionary Step,Dictionary Who,1
Comics Mrs,Comics Drug,1
Comics Say,Biography Student,1
Dictionary Possible,Novel Note,1
Science Book Coach,Science Book Often,1
Science Book Coach,Dictionary Most,1
Novel Fact,Science Book Look,1
Comics Instead,Novel Happen,1
Comics Instead,Biography But,1
Novel Administration,Comics Operation,1
Novel Since,Dictionary Level,1
Novel Score,Novel Huge,1
Science Book Often,Science Book Operation,1
Science Book Often,Dictionary Most,1
Novel Happen,Biography But,1
Comics Team,Dictionary Level,1
Biography Factor,Dictionary Tax,1
Comics Operation,Comics Either,1
Comics Operation,Novel Responsibility,1
Comics Grow,Dictionary Level,1
Science Book Paper,Comics Property,1
Novel Huge,Comics Meet,1
Dictionary Watch,Biography Evening,1
